{"finishtime":654.6999999999999,"code":200,"data":{"resources":{"data":[["0","null"],["1","null"],["2","null"],["3","null"],["4","null"],["5","null"],["6","null"],["7","null"],["8","null"],["9","null"],["10","null"],["11","null"],["12","null"],["13","null"],["14","null"],["15","null"]],"dimensions":["Name","Type"]},"tasks":{"data":[[0,0.0,69.25,1,[16,17,18,19,20,45,62,80],[],false,"mProjectPP",7],[13,0.0,59.59090909090909,2,[16,20,21,22,23,24,25,26,27,28,38,39,55,68,81],[],false,"mProjectPP",2],[11,0.0,61.0,3,[29,30,35,46,73,82],[],false,"mProjectPP",7],[2,0.0,66.5,4,[21,29,31,32,33,34,47,56,74,83],[],false,"mProjectPP",3],[2,66.5,132.3,5,[35,36,37,40,49,65,84],[],false,"mProjectPP",1],[8,0.0,67.85,6,[38,57,69,85],[],false,"mProjectPP",9],[15,0.0,60.22727272727273,7,[22,30,39,40,41,42,43,44,86],[],false,"mProjectPP",7],[14,0.0,62.04545454545455,8,[23,31,45,46,47,48,50,58,70,87],[],false,"mProjectPP",0],[15,60.22727272727273,122.18181818181819,9,[24,41,49,50,51,52,53,63,75,88],[],false,"mProjectPP",6],[7,0.0,68.5,10,[17,25,42,54,89],[],false,"mProjectPP",8],[9,0.0,67.75,11,[43,52,55,56,57,58,59,60,61,90],[],false,"mProjectPP",1],[15,122.18181818181819,184.95454545454547,12,[18,48,53,62,63,64,76,91],[],false,"mProjectPP",0],[5,0.0,68.1,13,[26,32,36,44,65,66,67,71,92],[],false,"mProjectPP",2],[1,0.0,66.8,14,[19,27,33,37,60,68,69,70,71,72,93],[],false,"mProjectPP",9],[3,0.0,65.85,15,[61,64,77,94],[],false,"mProjectPP",0],[13,59.59090909090909,121.31818181818181,16,[28,34,67,73,74,75,76,77,95],[],false,"mProjectPP",0],[1,69.25,122.1,17,[78],[1,0],false,"mDiffFit",1],[6,69.25,122.25,18,[78],[0,9],false,"mDiffFit",9],[12,184.95454545454547,233.04545454545456,19,[78],[0,11],false,"mDiffFit",8],[1,122.1,175.3,20,[78],[13,0],false,"mDiffFit",7],[10,69.25,116.75,21,[78],[1,0],false,"mDiffFit",10],[5,68.1,121.3,22,[78],[1,3],false,"mDiffFit",6],[2,132.3,185.20000000000002,23,[78],[1,6],false,"mDiffFit",2],[4,62.04545454545455,115.74545454545455,24,[78],[1,7],false,"mDiffFit",10],[6,122.25,175.3,25,[78],[1,8],false,"mDiffFit",2],[12,233.04545454545456,281.1363636363636,26,[78],[1,9],false,"mDiffFit",5],[6,175.3,228.65,27,[78],[12,1],false,"mDiffFit",0],[8,67.85,121.19999999999999,28,[78],[13,1],false,"mDiffFit",3],[11,121.31818181818181,169.36363636363637,29,[78],[1,15],false,"mDiffFit",5],[7,68.5,122.2,30,[78],[2,3],false,"mDiffFit",0],[3,65.85,120.39999999999999,31,[78],[2,6],false,"mDiffFit",3],[7,122.2,174.95,32,[78],[3,7],false,"mDiffFit",2],[4,115.74545454545455,168.19545454545454,33,[78],[12,3],false,"mDiffFit",8],[5,121.3,174.35,34,[78],[13,3],false,"mDiffFit",3],[6,228.65,281.3,35,[78],[15,3],false,"mDiffFit",10],[14,132.3,180.16363636363639,36,[78],[2,4],false,"mDiffFit",1],[5,174.35,227.7,37,[78],[12,4],false,"mDiffFit",8],[15,184.95454545454547,232.86363636363637,38,[78],[13,4],false,"mDiffFit",10],[3,120.39999999999999,172.45,39,[78],[1,5],false,"mDiffFit",6],[3,172.45,225.35,40,[78],[1,6],false,"mDiffFit",2],[4,168.19545454545454,220.74545454545455,41,[78],[6,4],false,"mDiffFit",10],[8,122.18181818181819,176.03181818181818,42,[78],[6,8],false,"mDiffFit",6],[1,175.3,227.60000000000002,43,[78],[6,9],false,"mDiffFit",9],[15,232.86363636363637,280.1363636363636,44,[78],[10,6],false,"mDiffFit",7],[10,116.75,164.6590909090909,45,[78],[12,6],false,"mDiffFit",10],[0,69.25,122.05,46,[78],[0,7],false,"mDiffFit",1],[13,121.31818181818181,169.5909090909091,47,[78],[2,7],false,"mDiffFit",2],[1,227.60000000000002,280.55,48,[78],[3,7],false,"mDiffFit",8],[3,225.35,277.75,49,[78],[11,7],false,"mDiffFit",3],[7,174.95,228.39999999999998,50,[78],[4,8],false,"mDiffFit",6],[4,220.74545454545455,273.99545454545455,51,[78],[8,7],false,"mDiffFit",8],[11,169.36363636363637,217.3181818181818,52,[78],[8],false,"mDiffFit",5],[2,185.20000000000002,238.5,53,[78],[10,8],false,"mDiffFit",4],[10,184.95454545454547,232.90909090909093,54,[78],[11,8],false,"mDiffFit",0],[11,217.3181818181818,265.3181818181818,55,[78],[9],false,"mDiffFit",7],[4,273.99545454545455,326.3454545454546,56,[78],[1,10],false,"mDiffFit",4],[5,227.7,280.09999999999997,57,[78],[10,3],false,"mDiffFit",2],[15,280.1363636363636,327.9090909090909,58,[78],[10,5],false,"mDiffFit",8],[6,281.3,334.25,59,[78],[10,7],false,"mDiffFit",9],[1,280.55,334.15000000000003,60,[78],[10],false,"mDiffFit",10],[10,232.90909090909093,280.5909090909091,61,[78],[13,10],false,"mDiffFit",0],[0,122.05,175.25,62,[78],[10,14],false,"mDiffFit",4],[3,277.75,330.05,63,[78],[0,11],false,"mDiffFit",1],[0,184.95454545454547,236.70454545454547,64,[78],[11,8],false,"mDiffFit",1],[13,184.95454545454547,233.31818181818184,65,[78],[11,14],false,"mDiffFit",3],[2,238.5,291.45,66,[78],[12,4],false,"mDiffFit",1],[3,330.05,383.65000000000003,67,[78],[12],false,"mDiffFit",0],[13,233.31818181818184,281.3636363636364,68,[78],[12,15],false,"mDiffFit",4],[10,280.5909090909091,328.81818181818187,69,[78],[1,13],false,"mDiffFit",0],[5,280.09999999999997,333.4,70,[78],[13,5],false,"mDiffFit",7],[2,291.45,345.3,71,[78],[13,7],false,"mDiffFit",5],[4,326.3454545454546,378.49545454545455,72,[78],[12,13],false,"mDiffFit",1],[0,236.70454545454547,290.6545454545455,73,[78],[13],false,"mDiffFit",7],[7,228.39999999999998,281.65,74,[78],[2,15],false,"mDiffFit",4],[10,328.81818181818187,376.50000000000006,75,[78],[3,15],false,"mDiffFit",4],[7,281.65,334.7,76,[78],[15,8],false,"mDiffFit",8],[15,327.9090909090909,375.5,77,[78],[11,15],false,"mDiffFit",7],[0,290.6545454545455,343.9045454545455,78,[78],[14,15],false,"mDiffFit",9],[5,383.65000000000003,408.45000000000005,79,[79],[59,58,16,53,17,52,51,50,57,56,18,55,19,54,60,69,20,21,22,23,24,25,62,26,61,27,64,28,63,66,29,65,68,67,70,71,34,35,32,33,30,31,77,76,75,38,74,39,73,36,72,37,43,44,45,46,40,41,42,47,48,49],false,"mConcatFit",8],[12,408.45000000000005,432.7227272727273,80,[80,81,82,83,84,85,86,87,88,89,90,91,92,93,94,95],[78],false,"mBgModel",6],[4,432.7227272727273,487.1227272727273,81,[96],[0,79],false,"mBackground",4],[1,432.7227272727273,487.5227272727273,82,[96],[1,79],false,"mBackground",2],[6,432.7227272727273,485.7727272727273,83,[96],[2,79],false,"mBackground",4],[0,432.7227272727273,486.3727272727273,84,[96],[79,3],false,"mBackground",10],[1,487.5227272727273,540.8227272727273,85,[96],[79,4],false,"mBackground",10],[14,432.7227272727273,480.4045454545455,86,[96],[79,5],false,"mBackground",6],[5,432.7227272727273,487.2227272727273,87,[96],[6,79],false,"mBackground",5],[10,432.7227272727273,481.58636363636367,88,[96],[79,7],false,"mBackground",0],[10,481.58636363636367,530.3136363636364,89,[96],[79,8],false,"mBackground",8],[12,432.7227272727273,482.08636363636367,90,[96],[79,9],false,"mBackground",0],[0,486.3727272727273,540.0727272727273,91,[96],[10,79],false,"mBackground",7],[5,487.2227272727273,540.6727272727273,92,[96],[11,79],false,"mBackground",1],[6,485.7727272727273,539.4727272727273,93,[96],[12,79],false,"mBackground",9],[3,432.7227272727273,486.1727272727273,94,[96],[13,79],false,"mBackground",9],[7,432.7227272727273,486.3727272727273,95,[96],[79,14],false,"mBackground",9],[8,432.7227272727273,486.6227272727273,96,[96],[79,15],false,"mBackground",3],[14,540.8227272727273,575.5045454545455,97,[97],[94,95,80,81,82,88,87,89,84,91,83,90,93,86,85,92],false,"mImgTbl",5],[15,575.5045454545455,619.1409090909091,98,[98],[96],false,"mAdd",7],[12,619.1409090909091,650.55,99,[99],[97],false,"mShrink",0],[6,650.55,654.6999999999999,100,[],[98],false,"mJPEG",0]],"dimensions":["Resources Index","Start Time","Finish Time","id","sucs","pres","highlight","Name","Color"]}},"iteratorTimes":51}