{"finishtime":676.8590909090908,"code":200,"data":{"resources":{"data":[["0","null"],["1","null"],["2","null"],["3","null"],["4","null"],["5","null"],["6","null"],["7","null"],["8","null"],["9","null"],["10","null"],["11","null"],["12","null"],["13","null"],["14","null"],["15","null"]],"dimensions":["Name","Type"]},"tasks":{"data":[[14,0.0,62.95454545454545,1,[16,17,18,19,20,45,62,80],[],false,"mProjectPP",4],[5,0.0,65.55,2,[16,20,21,22,23,24,25,26,27,28,38,39,55,68,81],[],false,"mProjectPP",3],[0,0.0,67.1,3,[29,30,35,46,73,82],[],false,"mProjectPP",2],[1,0.0,66.5,4,[21,29,31,32,33,34,47,56,74,83],[],false,"mProjectPP",10],[13,0.0,59.81818181818182,5,[35,36,37,40,49,65,84],[],false,"mProjectPP",6],[13,59.81818181818182,121.5,6,[38,57,69,85],[],false,"mProjectPP",2],[10,0.0,60.22727272727273,7,[22,30,39,40,41,42,43,44,86],[],false,"mProjectPP",0],[1,66.5,134.75,8,[23,31,45,46,47,48,50,58,70,87],[],false,"mProjectPP",3],[4,0.0,68.15,9,[24,41,49,50,51,52,53,63,75,88],[],false,"mProjectPP",0],[12,0.0,62.27272727272727,10,[17,25,42,54,89],[],false,"mProjectPP",0],[9,0.0,67.75,11,[43,52,55,56,57,58,59,60,61,90],[],false,"mProjectPP",8],[10,60.22727272727273,123.0,12,[18,48,53,62,63,64,76,91],[],false,"mProjectPP",1],[2,0.0,68.1,13,[26,32,36,44,65,66,67,71,92],[],false,"mProjectPP",1],[10,123.0,183.72727272727272,14,[19,27,33,37,60,68,69,70,71,72,93],[],false,"mProjectPP",0],[15,0.0,59.86363636363637,15,[61,64,77,94],[],false,"mProjectPP",4],[8,0.0,67.9,16,[28,34,67,73,74,75,76,77,95],[],false,"mProjectPP",7],[10,183.72727272727272,231.77272727272725,17,[78],[1,0],false,"mDiffFit",4],[3,62.95454545454545,115.95454545454545,18,[78],[0,9],false,"mDiffFit",4],[13,123.0,171.0909090909091,19,[78],[0,11],false,"mDiffFit",1],[2,183.72727272727272,236.92727272727274,20,[78],[13,0],false,"mDiffFit",10],[6,65.55,117.8,21,[78],[1,0],false,"mDiffFit",7],[8,67.9,121.10000000000001,22,[78],[1,3],false,"mDiffFit",8],[8,121.10000000000001,174.0,23,[78],[1,6],false,"mDiffFit",9],[10,231.77272727272725,280.59090909090907,24,[78],[1,7],false,"mDiffFit",4],[1,134.75,187.8,25,[78],[1,8],false,"mDiffFit",0],[14,65.55,113.64090909090909,26,[78],[1,9],false,"mDiffFit",7],[6,117.8,171.15,27,[78],[12,1],false,"mDiffFit",4],[9,183.72727272727272,237.0772727272727,28,[78],[13,1],false,"mDiffFit",1],[2,236.92727272727274,289.77727272727276,29,[78],[1,15],false,"mDiffFit",2],[0,67.1,120.8,30,[78],[2,3],false,"mDiffFit",6],[0,120.8,175.35,31,[78],[2,6],false,"mDiffFit",4],[4,134.75,187.5,32,[78],[3,7],false,"mDiffFit",2],[15,68.1,115.78181818181818,33,[78],[12,3],false,"mDiffFit",9],[14,183.72727272727272,231.95454545454544,34,[78],[13,3],false,"mDiffFit",8],[12,67.9,115.76363636363638,35,[78],[15,3],false,"mDiffFit",6],[6,171.15,223.8,36,[78],[2,4],false,"mDiffFit",8],[3,115.95454545454545,169.30454545454546,37,[78],[12,4],false,"mDiffFit",8],[12,183.72727272727272,231.63636363636363,38,[78],[13,4],false,"mDiffFit",1],[0,175.35,227.39999999999998,39,[78],[1,5],false,"mDiffFit",8],[15,115.78181818181818,163.87272727272727,40,[78],[1,6],false,"mDiffFit",9],[2,289.77727272727276,342.32727272727277,41,[78],[6,4],false,"mDiffFit",9],[3,169.30454545454546,223.15454545454546,42,[78],[6,8],false,"mDiffFit",2],[12,231.63636363636363,279.1818181818182,43,[78],[6,9],false,"mDiffFit",0],[15,163.87272727272727,211.14545454545456,44,[78],[10,6],false,"mDiffFit",6],[1,187.8,240.5,45,[78],[12,6],false,"mDiffFit",3],[10,280.59090909090907,328.59090909090907,46,[78],[0,7],false,"mDiffFit",8],[0,227.39999999999998,280.5,47,[78],[2,7],false,"mDiffFit",3],[2,342.32727272727277,395.27727272727276,48,[78],[3,7],false,"mDiffFit",4],[1,240.5,292.9,49,[78],[11,7],false,"mDiffFit",0],[14,231.95454545454544,280.5454545454545,50,[78],[4,8],false,"mDiffFit",8],[6,223.8,277.05,51,[78],[8,7],false,"mDiffFit",9],[15,211.14545454545456,259.1,52,[78],[8],false,"mDiffFit",7],[15,259.1,307.55454545454546,53,[78],[10,8],false,"mDiffFit",9],[11,123.0,170.95454545454544,54,[78],[11,8],false,"mDiffFit",1],[13,171.0909090909091,219.0909090909091,55,[78],[9],false,"mDiffFit",6],[6,277.05,329.40000000000003,56,[78],[1,10],false,"mDiffFit",2],[4,187.5,239.9,57,[78],[10,3],false,"mDiffFit",10],[15,307.55454545454546,355.3272727272727,58,[78],[10,5],false,"mDiffFit",5],[13,219.0909090909091,267.22727272727275,59,[78],[10,7],false,"mDiffFit",7],[5,67.75,121.35,60,[78],[10],false,"mDiffFit",1],[10,328.59090909090907,376.27272727272725,61,[78],[13,10],false,"mDiffFit",1],[6,329.40000000000003,382.6,62,[78],[10,14],false,"mDiffFit",10],[7,123.0,175.3,63,[78],[0,11],false,"mDiffFit",8],[0,280.5,332.25,64,[78],[11,8],false,"mDiffFit",2],[4,239.9,293.1,65,[78],[11,14],false,"mDiffFit",9],[14,280.5454545454545,328.68181818181813,66,[78],[12,4],false,"mDiffFit",0],[14,328.68181818181813,377.4090909090909,67,[78],[12],false,"mDiffFit",3],[15,355.3272727272727,403.3727272727273,68,[78],[12,15],false,"mDiffFit",8],[8,183.72727272727272,236.7772727272727,69,[78],[1,13],false,"mDiffFit",6],[11,183.72727272727272,232.1818181818182,70,[78],[13,5],false,"mDiffFit",4],[12,279.1818181818182,328.1363636363636,71,[78],[13,7],false,"mDiffFit",9],[7,183.72727272727272,235.87727272727273,72,[78],[12,13],false,"mDiffFit",9],[3,223.15454545454546,277.1045454545455,73,[78],[13],false,"mDiffFit",7],[9,237.0772727272727,290.3272727272727,74,[78],[2,15],false,"mDiffFit",8],[1,292.9,345.34999999999997,75,[78],[3,15],false,"mDiffFit",7],[13,267.22727272727275,315.4545454545455,76,[78],[15,8],false,"mDiffFit",3],[1,345.34999999999997,397.7,77,[78],[11,15],false,"mDiffFit",4],[11,232.1818181818182,280.5909090909091,78,[78],[14,15],false,"mDiffFit",3],[14,403.3727272727273,425.91818181818184,79,[79],[59,58,16,53,17,52,51,50,57,56,18,55,19,54,60,69,20,21,22,23,24,25,62,26,61,27,64,28,63,66,29,65,68,67,70,71,34,35,32,33,30,31,77,76,75,38,74,39,73,36,72,37,43,44,45,46,40,41,42,47,48,49],false,"mConcatFit",10],[7,425.91818181818184,452.6181818181818,80,[80,81,82,83,84,85,86,87,88,89,90,91,92,93,94,95],[78],false,"mBgModel",3],[6,452.6181818181818,507.0181818181818,81,[96],[0,79],false,"mBackground",7],[9,452.6181818181818,507.41818181818184,82,[96],[1,79],false,"mBackground",9],[10,452.6181818181818,500.8454545454546,83,[96],[2,79],false,"mBackground",7],[3,452.6181818181818,506.2681818181818,84,[96],[79,3],false,"mBackground",5],[8,452.6181818181818,505.91818181818184,85,[96],[79,4],false,"mBackground",10],[14,452.6181818181818,500.3,86,[96],[79,5],false,"mBackground",2],[1,452.6181818181818,507.1181818181818,87,[96],[6,79],false,"mBackground",9],[5,452.6181818181818,506.3681818181818,88,[96],[79,7],false,"mBackground",5],[7,452.6181818181818,506.21818181818185,89,[96],[79,8],false,"mBackground",4],[8,505.91818181818184,560.2181818181818,90,[96],[79,9],false,"mBackground",2],[11,452.6181818181818,501.43636363636364,91,[96],[10,79],false,"mBackground",9],[5,506.3681818181818,559.8181818181819,92,[96],[11,79],false,"mBackground",1],[7,506.21818181818185,559.9181818181819,93,[96],[12,79],false,"mBackground",7],[4,452.6181818181818,506.0681818181818,94,[96],[13,79],false,"mBackground",9],[0,452.6181818181818,506.2681818181818,95,[96],[79,14],false,"mBackground",7],[0,506.2681818181818,560.1681818181818,96,[96],[79,15],false,"mBackground",7],[10,560.2181818181818,594.9,97,[97],[94,95,80,81,82,88,87,89,84,91,83,90,93,86,85,92],false,"mImgTbl",9],[13,594.9,638.5363636363636,98,[98],[96],false,"mAdd",7],[0,638.5363636363636,673.0863636363636,99,[99],[97],false,"mShrink",8],[11,673.0863636363636,676.8590909090908,100,[],[98],false,"mJPEG",6]],"dimensions":["Resources Index","Start Time","Finish Time","id","sucs","pres","highlight","Name","Color"]}},"iteratorTimes":16}