{"finishtime":657.0636363636363,"code":200,"data":{"resources":{"data":[["0","null"],["1","null"],["2","null"],["3","null"],["4","null"],["5","null"],["6","null"],["7","null"],["8","null"],["9","null"],["10","null"],["11","null"],["12","null"],["13","null"],["14","null"],["15","null"]],"dimensions":["Name","Type"]},"tasks":{"data":[[9,0.0,69.25,1,[16,17,18,19,20,45,62,80],[],false,"mProjectPP",5],[15,0.0,59.59090909090909,2,[16,20,21,22,23,24,25,26,27,28,38,39,55,68,81],[],false,"mProjectPP",4],[10,0.0,61.0,3,[29,30,35,46,73,82],[],false,"mProjectPP",6],[11,0.0,60.45454545454545,4,[21,29,31,32,33,34,47,56,74,83],[],false,"mProjectPP",6],[9,69.25,135.05,5,[35,36,37,40,49,65,84],[],false,"mProjectPP",6],[7,0.0,67.85,6,[38,57,69,85],[],false,"mProjectPP",2],[12,0.0,60.22727272727273,7,[22,30,39,40,41,42,43,44,86],[],false,"mProjectPP",10],[15,59.59090909090909,121.63636363636364,8,[23,31,45,46,47,48,50,58,70,87],[],false,"mProjectPP",6],[3,0.0,68.15,9,[24,41,49,50,51,52,53,63,75,88],[],false,"mProjectPP",9],[2,0.0,68.5,10,[17,25,42,54,89],[],false,"mProjectPP",8],[12,60.22727272727273,121.81818181818181,11,[43,52,55,56,57,58,59,60,61,90],[],false,"mProjectPP",0],[4,0.0,69.05,12,[18,48,53,62,63,64,76,91],[],false,"mProjectPP",7],[8,0.0,68.1,13,[26,32,36,44,65,66,67,71,92],[],false,"mProjectPP",0],[13,0.0,60.72727272727273,14,[19,27,33,37,60,68,69,70,71,72,93],[],false,"mProjectPP",5],[3,68.15,134.0,15,[61,64,77,94],[],false,"mProjectPP",9],[12,121.81818181818181,183.54545454545453,16,[28,34,67,73,74,75,76,77,95],[],false,"mProjectPP",8],[12,183.54545454545453,231.59090909090907,17,[78],[1,0],false,"mDiffFit",4],[11,69.25,117.43181818181819,18,[78],[0,9],false,"mDiffFit",3],[6,69.25,122.15,19,[78],[0,11],false,"mDiffFit",8],[7,69.25,122.45,20,[78],[13,0],false,"mDiffFit",3],[5,69.25,121.5,21,[78],[1,0],false,"mDiffFit",9],[9,135.05,188.25,22,[78],[1,3],false,"mDiffFit",1],[6,122.15,175.05,23,[78],[1,6],false,"mDiffFit",7],[4,121.63636363636364,175.33636363636364,24,[78],[1,7],false,"mDiffFit",5],[0,68.15,121.2,25,[78],[1,8],false,"mDiffFit",5],[0,121.2,174.1,26,[78],[1,9],false,"mDiffFit",8],[6,175.05,228.4,27,[78],[12,1],false,"mDiffFit",9],[12,231.59090909090907,280.09090909090907,28,[78],[13,1],false,"mDiffFit",8],[14,183.54545454545453,231.59090909090907,29,[78],[1,15],false,"mDiffFit",0],[13,61.0,109.81818181818181,30,[78],[2,3],false,"mDiffFit",8],[8,68.1,122.64999999999999,31,[78],[2,6],false,"mDiffFit",8],[15,121.63636363636364,169.5909090909091,32,[78],[3,7],false,"mDiffFit",7],[7,122.45,174.9,33,[78],[12,3],false,"mDiffFit",2],[6,228.4,281.45,34,[78],[13,3],false,"mDiffFit",2],[15,183.54545454545453,231.4090909090909,35,[78],[15,3],false,"mDiffFit",8],[2,135.05,187.70000000000002,36,[78],[2,4],false,"mDiffFit",4],[8,135.05,188.4,37,[78],[12,4],false,"mDiffFit",3],[10,135.05,182.95909090909092,38,[78],[13,4],false,"mDiffFit",8],[1,67.85,119.89999999999999,39,[78],[1,5],false,"mDiffFit",2],[13,109.81818181818181,157.9090909090909,40,[78],[1,6],false,"mDiffFit",8],[5,135.05,187.60000000000002,41,[78],[6,4],false,"mDiffFit",5],[2,187.70000000000002,241.55,42,[78],[6,8],false,"mDiffFit",8],[7,174.9,227.2,43,[78],[6,9],false,"mDiffFit",4],[0,174.1,226.1,44,[78],[10,6],false,"mDiffFit",8],[14,231.59090909090907,279.5,45,[78],[12,6],false,"mDiffFit",6],[7,227.2,280.0,46,[78],[0,7],false,"mDiffFit",1],[10,182.95909090909092,231.2318181818182,47,[78],[2,7],false,"mDiffFit",6],[1,121.63636363636364,174.58636363636364,48,[78],[3,7],false,"mDiffFit",8],[12,280.09090909090907,327.7272727272727,49,[78],[11,7],false,"mDiffFit",5],[15,231.4090909090909,280.0,50,[78],[4,8],false,"mDiffFit",0],[15,280.0,328.4090909090909,51,[78],[8,7],false,"mDiffFit",10],[12,327.7272727272727,375.68181818181813,52,[78],[8],false,"mDiffFit",5],[11,121.81818181818181,170.27272727272725,53,[78],[10,8],false,"mDiffFit",6],[0,226.1,278.85,54,[78],[11,8],false,"mDiffFit",6],[10,231.2318181818182,279.2318181818182,55,[78],[9],false,"mDiffFit",9],[4,175.33636363636364,227.68636363636364,56,[78],[1,10],false,"mDiffFit",10],[5,187.60000000000002,240.00000000000003,57,[78],[10,3],false,"mDiffFit",6],[6,281.45,334.0,58,[78],[10,5],false,"mDiffFit",4],[14,279.5,327.6363636363636,59,[78],[10,7],false,"mDiffFit",3],[0,278.85,332.45000000000005,60,[78],[10],false,"mDiffFit",3],[3,134.0,186.45,61,[78],[13,10],false,"mDiffFit",9],[13,157.9090909090909,206.27272727272728,62,[78],[10,14],false,"mDiffFit",1],[5,240.00000000000003,292.3,63,[78],[0,11],false,"mDiffFit",9],[2,241.55,293.3,64,[78],[11,8],false,"mDiffFit",10],[3,186.45,239.64999999999998,65,[78],[11,14],false,"mDiffFit",10],[7,280.0,332.95,66,[78],[12,4],false,"mDiffFit",5],[1,174.58636363636364,228.18636363636364,67,[78],[12],false,"mDiffFit",10],[9,188.25,241.1,68,[78],[12,15],false,"mDiffFit",5],[1,228.18636363636364,281.23636363636365,69,[78],[1,13],false,"mDiffFit",3],[0,332.45000000000005,385.75000000000006,70,[78],[13,5],false,"mDiffFit",1],[5,292.3,346.15000000000003,71,[78],[13,7],false,"mDiffFit",10],[11,170.27272727272725,217.68181818181816,72,[78],[12,13],false,"mDiffFit",10],[11,217.68181818181816,266.7272727272727,73,[78],[13],false,"mDiffFit",2],[3,239.64999999999998,292.9,74,[78],[2,15],false,"mDiffFit",0],[9,241.1,293.55,75,[78],[3,15],false,"mDiffFit",7],[2,293.3,346.35,76,[78],[15,8],false,"mDiffFit",7],[11,266.7272727272727,314.31818181818176,77,[78],[11,15],false,"mDiffFit",10],[4,227.68636363636364,280.93636363636364,78,[78],[14,15],false,"mDiffFit",10],[11,385.75000000000006,408.2954545454546,79,[79],[59,58,16,53,17,52,51,50,57,56,18,55,19,54,60,69,20,21,22,23,24,25,62,26,61,27,64,28,63,66,29,65,68,67,70,71,34,35,32,33,30,31,77,76,75,38,74,39,73,36,72,37,43,44,45,46,40,41,42,47,48,49],false,"mConcatFit",10],[13,408.2954545454546,432.56818181818187,80,[80,81,82,83,84,85,86,87,88,89,90,91,92,93,94,95],[78],false,"mBgModel",0],[6,432.56818181818187,486.96818181818185,81,[96],[0,79],false,"mBackground",8],[12,432.56818181818187,482.3863636363637,82,[96],[1,79],false,"mBackground",2],[9,432.56818181818187,485.6181818181819,83,[96],[2,79],false,"mBackground",10],[9,485.6181818181819,539.2681818181819,84,[96],[79,3],false,"mBackground",6],[14,432.56818181818187,481.0227272727273,85,[96],[79,4],false,"mBackground",2],[2,432.56818181818187,485.01818181818186,86,[96],[79,5],false,"mBackground",5],[0,432.56818181818187,487.06818181818187,87,[96],[6,79],false,"mBackground",6],[14,481.0227272727273,529.8863636363636,88,[96],[79,7],false,"mBackground",5],[2,485.01818181818186,538.6181818181818,89,[96],[79,8],false,"mBackground",2],[10,432.56818181818187,481.93181818181824,90,[96],[79,9],false,"mBackground",5],[5,432.56818181818187,486.26818181818186,91,[96],[10,79],false,"mBackground",2],[3,432.56818181818187,486.01818181818186,92,[96],[11,79],false,"mBackground",6],[8,432.56818181818187,486.26818181818186,93,[96],[12,79],false,"mBackground",5],[8,486.26818181818186,539.7181818181818,94,[96],[13,79],false,"mBackground",5],[13,432.56818181818187,481.3409090909091,95,[96],[79,14],false,"mBackground",3],[12,482.3863636363637,531.3863636363637,96,[96],[79,15],false,"mBackground",9],[2,539.7181818181818,577.8681818181818,97,[97],[94,95,80,81,82,88,87,89,84,91,83,90,93,86,85,92],false,"mImgTbl",6],[15,577.8681818181818,621.5045454545455,98,[98],[96],false,"mAdd",2],[13,621.5045454545455,652.9136363636363,99,[99],[97],false,"mShrink",6],[8,652.9136363636363,657.0636363636363,100,[],[98],false,"mJPEG",3]],"dimensions":["Resources Index","Start Time","Finish Time","id","sucs","pres","highlight","Name","Color"]}},"iteratorTimes":16}