{"finishtime":730.8954545454544,"code":200,"data":{"resources":{"data":[["0","null"],["1","null"],["2","null"],["3","null"],["4","null"],["5","null"],["6","null"],["7","null"],["8","null"],["9","null"],["10","null"],["11","null"],["12","null"],["13","null"],["14","null"],["15","null"]],"dimensions":["Name","Type"]},"tasks":{"data":[[13,0.0,62.95454545454545,1,[16,17,18,19,20,45,62,80],[],false,"mProjectPP",2],[1,0.0,65.55,2,[16,20,21,22,23,24,25,26,27,28,38,39,55,68,81],[],false,"mProjectPP",8],[2,0.0,67.1,3,[29,30,35,46,73,82],[],false,"mProjectPP",2],[1,65.55,132.05,4,[21,29,31,32,33,34,47,56,74,83],[],false,"mProjectPP",7],[3,0.0,65.8,5,[35,36,37,40,49,65,84],[],false,"mProjectPP",3],[7,0.0,67.85,6,[38,57,69,85],[],false,"mProjectPP",10],[14,0.0,60.22727272727273,7,[22,30,39,40,41,42,43,44,86],[],false,"mProjectPP",10],[14,60.22727272727273,122.27272727272728,8,[23,31,45,46,47,48,50,58,70,87],[],false,"mProjectPP",1],[1,132.05,200.20000000000002,9,[24,41,49,50,51,52,53,63,75,88],[],false,"mProjectPP",1],[2,67.1,135.6,10,[17,25,42,54,89],[],false,"mProjectPP",4],[11,0.0,61.59090909090909,11,[43,52,55,56,57,58,59,60,61,90],[],false,"mProjectPP",4],[7,67.85,136.89999999999998,12,[18,48,53,62,63,64,76,91],[],false,"mProjectPP",4],[6,0.0,68.1,13,[26,32,36,44,65,66,67,71,92],[],false,"mProjectPP",3],[6,68.1,134.89999999999998,14,[19,27,33,37,60,68,69,70,71,72,93],[],false,"mProjectPP",4],[10,0.0,59.86363636363637,15,[61,64,77,94],[],false,"mProjectPP",4],[0,0.0,67.9,16,[28,34,67,73,74,75,76,77,95],[],false,"mProjectPP",0],[9,65.55,118.4,17,[78],[1,0],false,"mDiffFit",10],[14,135.6,183.78181818181818,18,[78],[0,9],false,"mDiffFit",7],[1,200.20000000000002,253.10000000000002,19,[78],[0,11],false,"mDiffFit",2],[15,134.89999999999998,183.26363636363635,20,[78],[13,0],false,"mDiffFit",4],[13,65.55,113.05,21,[78],[1,0],false,"mDiffFit",5],[7,136.89999999999998,190.09999999999997,22,[78],[1,3],false,"mDiffFit",2],[10,65.55,113.64090909090909,23,[78],[1,6],false,"mDiffFit",6],[2,135.6,189.3,24,[78],[1,7],false,"mDiffFit",0],[1,253.10000000000002,306.15000000000003,25,[78],[1,8],false,"mDiffFit",3],[2,189.3,242.20000000000002,26,[78],[1,9],false,"mDiffFit",2],[7,190.09999999999997,243.44999999999996,27,[78],[12,1],false,"mDiffFit",2],[15,183.26363636363635,231.76363636363635,28,[78],[13,1],false,"mDiffFit",8],[10,113.64090909090909,161.68636363636364,29,[78],[1,15],false,"mDiffFit",6],[13,132.05,180.86818181818182,30,[78],[2,3],false,"mDiffFit",9],[0,67.9,122.45,31,[78],[2,6],false,"mDiffFit",8],[11,132.05,180.00454545454545,32,[78],[3,7],false,"mDiffFit",9],[2,242.20000000000002,294.65000000000003,33,[78],[12,3],false,"mDiffFit",7],[9,134.89999999999998,187.95,34,[78],[13,3],false,"mDiffFit",0],[0,132.05,184.70000000000002,35,[78],[15,3],false,"mDiffFit",8],[8,67.1,119.75,36,[78],[2,4],false,"mDiffFit",10],[9,187.95,241.29999999999998,37,[78],[12,4],false,"mDiffFit",8],[0,184.70000000000002,237.40000000000003,38,[78],[13,4],false,"mDiffFit",9],[3,67.85,119.89999999999999,39,[78],[1,5],false,"mDiffFit",1],[11,180.00454545454545,228.09545454545454,40,[78],[1,6],false,"mDiffFit",1],[3,119.89999999999999,172.45,41,[78],[6,4],false,"mDiffFit",0],[5,200.20000000000002,254.05,42,[78],[6,8],false,"mDiffFit",9],[10,161.68636363636364,209.2318181818182,43,[78],[6,9],false,"mDiffFit",2],[12,61.59090909090909,108.86363636363637,44,[78],[10,6],false,"mDiffFit",9],[12,108.86363636363637,156.77272727272728,45,[78],[12,6],false,"mDiffFit",9],[8,122.27272727272728,175.07272727272726,46,[78],[0,7],false,"mDiffFit",10],[4,122.27272727272728,175.37272727272727,47,[78],[2,7],false,"mDiffFit",2],[6,134.89999999999998,187.84999999999997,48,[78],[3,7],false,"mDiffFit",7],[4,175.37272727272727,227.77272727272728,49,[78],[11,7],false,"mDiffFit",9],[13,200.20000000000002,248.7909090909091,50,[78],[4,8],false,"mDiffFit",6],[2,294.65000000000003,347.90000000000003,51,[78],[8,7],false,"mDiffFit",0],[4,227.77272727272728,280.52272727272725,52,[78],[8],false,"mDiffFit",0],[9,241.29999999999998,294.59999999999997,53,[78],[10,8],false,"mDiffFit",10],[4,280.52272727272725,333.27272727272725,54,[78],[11,8],false,"mDiffFit",4],[13,248.7909090909091,296.7909090909091,55,[78],[9],false,"mDiffFit",8],[4,333.27272727272725,385.6227272727273,56,[78],[1,10],false,"mDiffFit",8],[12,156.77272727272728,204.4090909090909,57,[78],[10,3],false,"mDiffFit",9],[0,237.40000000000003,289.95000000000005,58,[78],[10,5],false,"mDiffFit",1],[11,228.09545454545454,276.2318181818182,59,[78],[10,7],false,"mDiffFit",1],[14,183.78181818181818,232.5090909090909,60,[78],[10],false,"mDiffFit",8],[10,209.2318181818182,256.9136363636364,61,[78],[13,10],false,"mDiffFit",0],[0,289.95000000000005,343.15000000000003,62,[78],[10,14],false,"mDiffFit",4],[4,385.6227272727273,437.9227272727273,63,[78],[0,11],false,"mDiffFit",8],[5,254.05,305.8,64,[78],[11,8],false,"mDiffFit",5],[8,175.07272727272726,228.27272727272725,65,[78],[11,14],false,"mDiffFit",4],[9,294.59999999999997,347.54999999999995,66,[78],[12,4],false,"mDiffFit",10],[10,256.9136363636364,305.64090909090913,67,[78],[12],false,"mDiffFit",0],[8,228.27272727272725,281.1227272727273,68,[78],[12,15],false,"mDiffFit",9],[0,343.15000000000003,396.20000000000005,69,[78],[1,13],false,"mDiffFit",4],[0,396.20000000000005,449.50000000000006,70,[78],[13,5],false,"mDiffFit",3],[13,296.7909090909091,345.74545454545455,71,[78],[13,7],false,"mDiffFit",6],[9,347.54999999999995,399.69999999999993,72,[78],[12,13],false,"mDiffFit",8],[14,232.5090909090909,281.55454545454546,73,[78],[13],false,"mDiffFit",3],[5,305.8,359.05,74,[78],[2,15],false,"mDiffFit",3],[1,306.15000000000003,358.6,75,[78],[3,15],false,"mDiffFit",2],[9,399.69999999999993,452.74999999999994,76,[78],[15,8],false,"mDiffFit",5],[2,347.90000000000003,400.25000000000006,77,[78],[11,15],false,"mDiffFit",3],[12,204.4090909090909,252.8181818181818,78,[78],[14,15],false,"mDiffFit",6],[0,452.74999999999994,477.54999999999995,79,[79],[59,58,16,53,17,52,51,50,57,56,18,55,19,54,60,69,20,21,22,23,24,25,62,26,61,27,64,28,63,66,29,65,68,67,70,71,34,35,32,33,30,31,77,76,75,38,74,39,73,36,72,37,43,44,45,46,40,41,42,47,48,49],false,"mConcatFit",5],[9,477.54999999999995,504.24999999999994,80,[80,81,82,83,84,85,86,87,88,89,90,91,92,93,94,95],[78],false,"mBgModel",1],[12,504.24999999999994,553.7045454545454,81,[96],[0,79],false,"mBackground",0],[3,504.24999999999994,559.05,82,[96],[1,79],false,"mBackground",4],[14,504.24999999999994,552.4772727272726,83,[96],[2,79],false,"mBackground",0],[7,504.24999999999994,557.9,84,[96],[79,3],false,"mBackground",8],[10,504.24999999999994,552.7045454545454,85,[96],[79,4],false,"mBackground",3],[11,504.24999999999994,551.9318181818181,86,[96],[79,5],false,"mBackground",3],[3,559.05,613.55,87,[96],[6,79],false,"mBackground",9],[1,504.24999999999994,558.0,88,[96],[79,7],false,"mBackground",2],[0,504.24999999999994,557.8499999999999,89,[96],[79,8],false,"mBackground",8],[6,504.24999999999994,558.55,90,[96],[79,9],false,"mBackground",1],[12,553.7045454545454,602.5227272727273,91,[96],[10,79],false,"mBackground",9],[13,504.24999999999994,552.840909090909,92,[96],[11,79],false,"mBackground",1],[9,504.24999999999994,557.9499999999999,93,[96],[12,79],false,"mBackground",7],[10,552.7045454545454,601.2954545454545,94,[96],[13,79],false,"mBackground",4],[4,504.24999999999994,557.9,95,[96],[79,14],false,"mBackground",1],[15,504.24999999999994,553.25,96,[96],[79,15],false,"mBackground",4],[1,613.55,651.6999999999999,97,[97],[94,95,80,81,82,88,87,89,84,91,83,90,93,86,85,92],false,"mImgTbl",0],[13,651.6999999999999,695.3363636363636,98,[98],[96],false,"mAdd",1],[12,695.3363636363636,726.7454545454544,99,[99],[97],false,"mShrink",3],[8,726.7454545454544,730.8954545454544,100,[],[98],false,"mJPEG",0]],"dimensions":["Resources Index","Start Time","Finish Time","id","sucs","pres","highlight","Name","Color"]}},"iteratorTimes":3}