{"finishtime":717.5227272727271,"code":200,"data":{"resources":{"data":[["0","null"],["1","null"],["2","null"],["3","null"],["4","null"],["5","null"],["6","null"],["7","null"],["8","null"],["9","null"],["10","null"],["11","null"],["12","null"],["13","null"],["14","null"],["15","null"]],"dimensions":["Name","Type"]},"tasks":{"data":[[15,0.0,62.95454545454545,1,[16,17,18,19,20,45,62,80],[],false,"mProjectPP",1],[5,0.0,65.55,2,[16,20,21,22,23,24,25,26,27,28,38,39,55,68,81],[],false,"mProjectPP",8],[15,62.95454545454545,123.95454545454545,3,[29,30,35,46,73,82],[],false,"mProjectPP",6],[8,0.0,66.5,4,[21,29,31,32,33,34,47,56,74,83],[],false,"mProjectPP",9],[8,66.5,132.3,5,[35,36,37,40,49,65,84],[],false,"mProjectPP",7],[13,0.0,61.68181818181818,6,[38,57,69,85],[],false,"mProjectPP",1],[5,65.55,131.8,7,[22,30,39,40,41,42,43,44,86],[],false,"mProjectPP",3],[13,61.68181818181818,123.72727272727272,8,[23,31,45,46,47,48,50,58,70,87],[],false,"mProjectPP",2],[14,0.0,61.95454545454545,9,[24,41,49,50,51,52,53,63,75,88],[],false,"mProjectPP",6],[12,0.0,62.27272727272727,10,[17,25,42,54,89],[],false,"mProjectPP",0],[7,0.0,67.75,11,[43,52,55,56,57,58,59,60,61,90],[],false,"mProjectPP",4],[6,0.0,69.05,12,[18,48,53,62,63,64,76,91],[],false,"mProjectPP",2],[12,62.27272727272727,124.18181818181819,13,[26,32,36,44,65,66,67,71,92],[],false,"mProjectPP",3],[5,131.8,198.60000000000002,14,[19,27,33,37,60,68,69,70,71,72,93],[],false,"mProjectPP",5],[8,132.3,198.15,15,[61,64,77,94],[],false,"mProjectPP",9],[9,0.0,67.9,16,[28,34,67,73,74,75,76,77,95],[],false,"mProjectPP",3],[10,65.55,113.59545454545454,17,[78],[1,0],false,"mDiffFit",8],[11,62.95454545454545,111.13636363636363,18,[78],[0,9],false,"mDiffFit",0],[11,111.13636363636363,159.22727272727272,19,[78],[0,11],false,"mDiffFit",5],[13,198.60000000000002,246.9636363636364,20,[78],[13,0],false,"mDiffFit",1],[6,69.05,121.3,21,[78],[1,0],false,"mDiffFit",1],[5,198.60000000000002,251.8,22,[78],[1,3],false,"mDiffFit",1],[10,131.8,179.8909090909091,23,[78],[1,6],false,"mDiffFit",9],[4,123.72727272727272,177.42727272727274,24,[78],[1,7],false,"mDiffFit",3],[7,67.75,120.8,25,[78],[1,8],false,"mDiffFit",0],[10,179.8909090909091,227.9818181818182,26,[78],[1,9],false,"mDiffFit",7],[7,124.18181818181819,177.53181818181818,27,[78],[12,1],false,"mDiffFit",5],[10,227.9818181818182,276.4818181818182,28,[78],[13,1],false,"mDiffFit",8],[6,121.3,174.15,29,[78],[1,15],false,"mDiffFit",0],[7,177.53181818181818,231.2318181818182,30,[78],[2,3],false,"mDiffFit",4],[0,131.8,186.35000000000002,31,[78],[2,6],false,"mDiffFit",5],[4,177.42727272727274,230.17727272727274,32,[78],[3,7],false,"mDiffFit",8],[7,231.2318181818182,283.6818181818182,33,[78],[12,3],false,"mDiffFit",8],[8,198.60000000000002,251.65000000000003,34,[78],[13,3],false,"mDiffFit",7],[13,246.9636363636364,294.82727272727277,35,[78],[15,3],false,"mDiffFit",6],[8,251.65000000000003,304.3,36,[78],[2,4],false,"mDiffFit",2],[4,230.17727272727274,283.52727272727276,37,[78],[12,4],false,"mDiffFit",3],[2,198.60000000000002,251.3,38,[78],[13,4],false,"mDiffFit",9],[4,283.52727272727276,335.57727272727277,39,[78],[1,5],false,"mDiffFit",2],[14,131.8,179.8909090909091,40,[78],[1,6],false,"mDiffFit",10],[12,132.3,180.0727272727273,41,[78],[6,4],false,"mDiffFit",9],[1,131.8,185.65,42,[78],[6,8],false,"mDiffFit",7],[7,283.6818181818182,335.9818181818182,43,[78],[6,9],false,"mDiffFit",9],[4,335.57727272727277,387.57727272727277,44,[78],[10,6],false,"mDiffFit",5],[7,335.9818181818182,388.6818181818182,45,[78],[12,6],false,"mDiffFit",6],[4,387.57727272727277,440.3772727272728,46,[78],[0,7],false,"mDiffFit",10],[13,294.82727272727277,343.1,47,[78],[2,7],false,"mDiffFit",5],[13,343.1,391.23636363636365,48,[78],[3,7],false,"mDiffFit",1],[12,180.0727272727273,227.70909090909092,49,[78],[11,7],false,"mDiffFit",3],[10,276.4818181818182,325.0727272727273,50,[78],[4,8],false,"mDiffFit",8],[0,186.35000000000002,239.60000000000002,51,[78],[8,7],false,"mDiffFit",3],[15,123.95454545454545,171.9090909090909,52,[78],[8],false,"mDiffFit",7],[9,67.9,121.2,53,[78],[10,8],false,"mDiffFit",6],[1,185.65,238.4,54,[78],[11,8],false,"mDiffFit",10],[1,238.4,291.2,55,[78],[9],false,"mDiffFit",7],[5,251.8,304.15000000000003,56,[78],[1,10],false,"mDiffFit",8],[9,121.2,173.6,57,[78],[10,3],false,"mDiffFit",10],[5,304.15000000000003,356.70000000000005,58,[78],[10,5],false,"mDiffFit",7],[3,123.72727272727272,176.67727272727274,59,[78],[10,7],false,"mDiffFit",10],[11,159.22727272727272,207.95454545454544,60,[78],[10],false,"mDiffFit",10],[1,291.2,343.65,61,[78],[13,10],false,"mDiffFit",0],[11,207.95454545454544,256.3181818181818,62,[78],[10,14],false,"mDiffFit",10],[9,173.6,225.89999999999998,63,[78],[0,11],false,"mDiffFit",10],[14,179.8909090909091,226.93636363636364,64,[78],[11,8],false,"mDiffFit",0],[10,325.0727272727273,373.4363636363637,65,[78],[11,14],false,"mDiffFit",2],[9,225.89999999999998,278.84999999999997,66,[78],[12,4],false,"mDiffFit",8],[0,239.60000000000002,293.20000000000005,67,[78],[12],false,"mDiffFit",4],[2,251.3,304.15000000000003,68,[78],[12,15],false,"mDiffFit",3],[2,304.15000000000003,357.20000000000005,69,[78],[1,13],false,"mDiffFit",10],[13,391.23636363636365,439.6909090909091,70,[78],[13,5],false,"mDiffFit",6],[11,256.3181818181818,305.27272727272725,71,[78],[13,7],false,"mDiffFit",9],[11,305.27272727272725,352.68181818181813,72,[78],[12,13],false,"mDiffFit",5],[7,388.6818181818182,442.6318181818182,73,[78],[13],false,"mDiffFit",3],[15,171.9090909090909,220.3181818181818,74,[78],[2,15],false,"mDiffFit",6],[14,226.93636363636364,274.6181818181818,75,[78],[3,15],false,"mDiffFit",8],[11,352.68181818181813,400.9090909090909,76,[78],[15,8],false,"mDiffFit",6],[15,220.3181818181818,267.9090909090909,77,[78],[11,15],false,"mDiffFit",6],[5,356.70000000000005,409.95000000000005,78,[78],[14,15],false,"mDiffFit",1],[13,442.6318181818182,465.17727272727274,79,[79],[59,58,16,53,17,52,51,50,57,56,18,55,19,54,60,69,20,21,22,23,24,25,62,26,61,27,64,28,63,66,29,65,68,67,70,71,34,35,32,33,30,31,77,76,75,38,74,39,73,36,72,37,43,44,45,46,40,41,42,47,48,49],false,"mConcatFit",2],[2,465.17727272727274,491.8772727272727,80,[80,81,82,83,84,85,86,87,88,89,90,91,92,93,94,95],[78],false,"mBgModel",10],[5,491.8772727272727,546.2772727272727,81,[96],[0,79],false,"mBackground",3],[11,491.8772727272727,541.6954545454546,82,[96],[1,79],false,"mBackground",0],[4,491.8772727272727,544.9272727272727,83,[96],[2,79],false,"mBackground",7],[0,491.8772727272727,545.5272727272727,84,[96],[79,3],false,"mBackground",8],[7,491.8772727272727,545.1772727272727,85,[96],[79,4],false,"mBackground",5],[7,545.1772727272727,597.6272727272727,86,[96],[79,5],false,"mBackground",1],[6,491.8772727272727,546.3772727272727,87,[96],[6,79],false,"mBackground",6],[0,545.5272727272727,599.2772727272727,88,[96],[79,7],false,"mBackground",3],[15,491.8772727272727,540.6045454545455,89,[96],[79,8],false,"mBackground",10],[10,491.8772727272727,541.2409090909091,90,[96],[79,9],false,"mBackground",5],[8,491.8772727272727,545.5772727272728,91,[96],[10,79],false,"mBackground",5],[14,491.8772727272727,540.4681818181818,92,[96],[11,79],false,"mBackground",8],[15,540.6045454545455,589.4227272727273,93,[96],[12,79],false,"mBackground",0],[13,491.8772727272727,540.4681818181818,94,[96],[13,79],false,"mBackground",2],[11,541.6954545454546,590.4681818181818,95,[96],[79,14],false,"mBackground",10],[5,546.2772727272727,600.1772727272727,96,[96],[79,15],false,"mBackground",6],[0,600.1772727272727,638.3272727272727,97,[97],[94,95,80,81,82,88,87,89,84,91,83,90,93,86,85,92],false,"mImgTbl",1],[11,638.3272727272727,681.9636363636363,98,[98],[96],false,"mAdd",10],[11,681.9636363636363,713.3727272727272,99,[99],[97],false,"mShrink",4],[8,713.3727272727272,717.5227272727271,100,[],[98],false,"mJPEG",9]],"dimensions":["Resources Index","Start Time","Finish Time","id","sucs","pres","highlight","Name","Color"]}},"iteratorTimes":22}