{"finishtime":675.6636363636362,"code":200,"data":{"resources":{"data":[["0","null"],["1","null"],["2","null"],["3","null"],["4","null"],["5","null"],["6","null"],["7","null"],["8","null"],["9","null"],["10","null"],["11","null"],["12","null"],["13","null"],["14","null"],["15","null"]],"dimensions":["Name","Type"]},"tasks":{"data":[[8,0.0,69.25,1,[16,17,18,19,20,45,62,80],[],false,"mProjectPP",2],[4,0.0,65.55,2,[16,20,21,22,23,24,25,26,27,28,38,39,55,68,81],[],false,"mProjectPP",1],[1,0.0,67.1,3,[29,30,35,46,73,82],[],false,"mProjectPP",10],[0,0.0,66.5,4,[21,29,31,32,33,34,47,56,74,83],[],false,"mProjectPP",4],[12,0.0,59.81818181818182,5,[35,36,37,40,49,65,84],[],false,"mProjectPP",3],[9,0.0,67.85,6,[38,57,69,85],[],false,"mProjectPP",5],[10,0.0,60.22727272727273,7,[22,30,39,40,41,42,43,44,86],[],false,"mProjectPP",6],[14,0.0,62.04545454545455,8,[23,31,45,46,47,48,50,58,70,87],[],false,"mProjectPP",10],[6,0.0,68.15,9,[24,41,49,50,51,52,53,63,75,88],[],false,"mProjectPP",4],[6,68.15,136.65,10,[17,25,42,54,89],[],false,"mProjectPP",6],[11,0.0,61.59090909090909,11,[43,52,55,56,57,58,59,60,61,90],[],false,"mProjectPP",0],[5,0.0,69.05,12,[18,48,53,62,63,64,76,91],[],false,"mProjectPP",0],[13,0.0,61.90909090909091,13,[26,32,36,44,65,66,67,71,92],[],false,"mProjectPP",3],[2,0.0,66.8,14,[19,27,33,37,60,68,69,70,71,72,93],[],false,"mProjectPP",5],[13,61.90909090909091,121.77272727272728,15,[61,64,77,94],[],false,"mProjectPP",3],[1,67.1,135.0,16,[28,34,67,73,74,75,76,77,95],[],false,"mProjectPP",5],[8,69.25,122.1,17,[78],[1,0],false,"mDiffFit",4],[7,136.65,189.65,18,[78],[0,9],false,"mDiffFit",10],[15,69.25,117.3409090909091,19,[78],[0,11],false,"mDiffFit",1],[7,189.65,242.85000000000002,20,[78],[13,0],false,"mDiffFit",9],[14,69.25,116.75,21,[78],[1,0],false,"mDiffFit",8],[1,135.0,188.2,22,[78],[1,3],false,"mDiffFit",6],[7,242.85000000000002,295.75,23,[78],[1,6],false,"mDiffFit",6],[4,65.55,119.25,24,[78],[1,7],false,"mDiffFit",6],[3,68.15,121.2,25,[78],[1,8],false,"mDiffFit",1],[0,136.65,189.55,26,[78],[1,9],false,"mDiffFit",5],[15,117.3409090909091,165.8409090909091,27,[78],[12,1],false,"mDiffFit",1],[11,66.8,115.3,28,[78],[13,1],false,"mDiffFit",4],[15,165.8409090909091,213.88636363636363,29,[78],[1,15],false,"mDiffFit",3],[10,67.1,115.91818181818181,30,[78],[2,3],false,"mDiffFit",9],[1,188.2,242.75,31,[78],[2,6],false,"mDiffFit",0],[5,69.05,121.8,32,[78],[3,7],false,"mDiffFit",9],[2,66.8,119.25,33,[78],[12,3],false,"mDiffFit",7],[2,119.25,172.3,34,[78],[13,3],false,"mDiffFit",9],[1,242.75,295.4,35,[78],[15,3],false,"mDiffFit",9],[3,121.2,173.85,36,[78],[2,4],false,"mDiffFit",9],[14,116.75,165.25,37,[78],[12,4],false,"mDiffFit",10],[4,119.25,171.95,38,[78],[13,4],false,"mDiffFit",4],[6,136.65,188.7,39,[78],[1,5],false,"mDiffFit",2],[10,115.91818181818181,164.0090909090909,40,[78],[1,6],false,"mDiffFit",10],[13,121.77272727272728,169.54545454545456,41,[78],[6,4],false,"mDiffFit",7],[12,68.15,117.10454545454546,42,[78],[6,8],false,"mDiffFit",6],[15,213.88636363636363,261.4318181818182,43,[78],[6,9],false,"mDiffFit",2],[15,261.4318181818182,308.70454545454544,44,[78],[10,6],false,"mDiffFit",4],[0,189.55,242.25,45,[78],[12,6],false,"mDiffFit",5],[0,242.25,295.05,46,[78],[0,7],false,"mDiffFit",5],[6,188.7,241.79999999999998,47,[78],[2,7],false,"mDiffFit",10],[6,241.79999999999998,294.75,48,[78],[3,7],false,"mDiffFit",10],[6,294.75,347.15,49,[78],[11,7],false,"mDiffFit",4],[14,165.25,213.8409090909091,50,[78],[4,8],false,"mDiffFit",6],[9,68.15,121.4,51,[78],[8,7],false,"mDiffFit",5],[2,172.3,225.05,52,[78],[8],false,"mDiffFit",4],[2,225.05,278.35,53,[78],[10,8],false,"mDiffFit",10],[14,213.8409090909091,261.79545454545456,54,[78],[11,8],false,"mDiffFit",5],[2,278.35,331.15000000000003,55,[78],[9],false,"mDiffFit",3],[3,173.85,226.2,56,[78],[1,10],false,"mDiffFit",6],[10,164.0090909090909,211.64545454545453,57,[78],[10,3],false,"mDiffFit",8],[13,169.54545454545456,217.31818181818184,58,[78],[10,5],false,"mDiffFit",6],[3,226.2,279.15,59,[78],[10,7],false,"mDiffFit",1],[4,171.95,225.54999999999998,60,[78],[10],false,"mDiffFit",7],[8,122.1,174.55,61,[78],[13,10],false,"mDiffFit",8],[3,279.15,332.34999999999997,62,[78],[10,14],false,"mDiffFit",8],[14,261.79545454545456,309.3409090909091,63,[78],[0,11],false,"mDiffFit",0],[10,211.64545454545453,258.6909090909091,64,[78],[11,8],false,"mDiffFit",9],[1,295.4,348.59999999999997,65,[78],[11,14],false,"mDiffFit",6],[10,258.6909090909091,306.8272727272727,66,[78],[12,4],false,"mDiffFit",8],[9,121.4,175.0,67,[78],[12],false,"mDiffFit",10],[7,295.75,348.6,68,[78],[12,15],false,"mDiffFit",2],[6,347.15,400.2,69,[78],[1,13],false,"mDiffFit",2],[15,308.70454545454544,357.1590909090909,70,[78],[13,5],false,"mDiffFit",1],[13,217.31818181818184,266.2727272727273,71,[78],[13,7],false,"mDiffFit",9],[3,332.34999999999997,384.49999999999994,72,[78],[12,13],false,"mDiffFit",5],[4,225.54999999999998,279.5,73,[78],[13],false,"mDiffFit",2],[12,135.0,183.4090909090909,74,[78],[2,15],false,"mDiffFit",8],[14,309.3409090909091,357.0227272727273,75,[78],[3,15],false,"mDiffFit",2],[10,306.8272727272727,355.05454545454546,76,[78],[15,8],false,"mDiffFit",1],[13,266.2727272727273,313.8636363636364,77,[78],[11,15],false,"mDiffFit",3],[12,183.4090909090909,231.8181818181818,78,[78],[14,15],false,"mDiffFit",3],[14,400.2,422.74545454545455,79,[79],[59,58,16,53,17,52,51,50,57,56,18,55,19,54,60,69,20,21,22,23,24,25,62,26,61,27,64,28,63,66,29,65,68,67,70,71,34,35,32,33,30,31,77,76,75,38,74,39,73,36,72,37,43,44,45,46,40,41,42,47,48,49],false,"mConcatFit",4],[9,422.74545454545455,449.44545454545454,80,[80,81,82,83,84,85,86,87,88,89,90,91,92,93,94,95],[78],false,"mBgModel",9],[9,449.44545454545454,503.8454545454545,81,[96],[0,79],false,"mBackground",3],[9,503.8454545454545,558.6454545454545,82,[96],[1,79],false,"mBackground",4],[5,449.44545454545454,502.49545454545455,83,[96],[2,79],false,"mBackground",5],[6,449.44545454545454,503.0954545454545,84,[96],[79,3],false,"mBackground",8],[15,449.44545454545454,497.9,85,[96],[79,4],false,"mBackground",9],[1,449.44545454545454,501.8954545454545,86,[96],[79,5],false,"mBackground",2],[0,449.44545454545454,503.94545454545454,87,[96],[6,79],false,"mBackground",8],[5,502.49545454545455,556.2454545454545,88,[96],[79,7],false,"mBackground",9],[1,501.8954545454545,555.4954545454545,89,[96],[79,8],false,"mBackground",2],[11,449.44545454545454,498.8090909090909,90,[96],[79,9],false,"mBackground",6],[2,449.44545454545454,503.1454545454545,91,[96],[10,79],false,"mBackground",3],[3,449.44545454545454,502.8954545454545,92,[96],[11,79],false,"mBackground",3],[2,503.1454545454545,556.8454545454546,93,[96],[12,79],false,"mBackground",6],[0,503.94545454545454,557.3954545454545,94,[96],[13,79],false,"mBackground",1],[10,449.44545454545454,498.2181818181818,95,[96],[79,14],false,"mBackground",3],[3,502.8954545454545,556.7954545454545,96,[96],[79,15],false,"mBackground",0],[14,558.6454545454545,593.3272727272727,97,[97],[94,95,80,81,82,88,87,89,84,91,83,90,93,86,85,92],false,"mImgTbl",8],[10,593.3272727272727,636.9636363636363,98,[98],[96],false,"mAdd",8],[0,636.9636363636363,671.5136363636362,99,[99],[97],false,"mShrink",4],[4,671.5136363636362,675.6636363636362,100,[],[98],false,"mJPEG",4]],"dimensions":["Resources Index","Start Time","Finish Time","id","sucs","pres","highlight","Name","Color"]}},"iteratorTimes":4}