{"finishtime":734.3318181818181,"code":200,"data":{"resources":{"data":[["0","null"],["1","null"],["2","null"],["3","null"],["4","null"],["5","null"],["6","null"],["7","null"],["8","null"],["9","null"],["10","null"],["11","null"],["12","null"],["13","null"],["14","null"],["15","null"]],"dimensions":["Name","Type"]},"tasks":{"data":[[8,0.0,69.25,1,[16,17,18,19,20,45,62,80],[],false,"mProjectPP",7],[0,0.0,65.55,2,[16,20,21,22,23,24,25,26,27,28,38,39,55,68,81],[],false,"mProjectPP",0],[12,0.0,61.0,3,[29,30,35,46,73,82],[],false,"mProjectPP",8],[15,0.0,60.45454545454545,4,[21,29,31,32,33,34,47,56,74,83],[],false,"mProjectPP",6],[9,0.0,65.8,5,[35,36,37,40,49,65,84],[],false,"mProjectPP",1],[14,0.0,61.68181818181818,6,[38,57,69,85],[],false,"mProjectPP",10],[5,0.0,66.25,7,[22,30,39,40,41,42,43,44,86],[],false,"mProjectPP",2],[0,65.55,133.8,8,[23,31,45,46,47,48,50,58,70,87],[],false,"mProjectPP",10],[11,0.0,61.95454545454545,9,[24,41,49,50,51,52,53,63,75,88],[],false,"mProjectPP",7],[7,0.0,68.5,10,[17,25,42,54,89],[],false,"mProjectPP",7],[1,0.0,67.75,11,[43,52,55,56,57,58,59,60,61,90],[],false,"mProjectPP",0],[5,66.25,135.3,12,[18,48,53,62,63,64,76,91],[],false,"mProjectPP",10],[9,65.8,133.89999999999998,13,[26,32,36,44,65,66,67,71,92],[],false,"mProjectPP",9],[3,0.0,66.8,14,[19,27,33,37,60,68,69,70,71,72,93],[],false,"mProjectPP",1],[8,69.25,135.1,15,[61,64,77,94],[],false,"mProjectPP",2],[6,0.0,67.9,16,[28,34,67,73,74,75,76,77,95],[],false,"mProjectPP",0],[5,135.3,188.15,17,[78],[1,0],false,"mDiffFit",7],[6,69.25,122.25,18,[78],[0,9],false,"mDiffFit",4],[11,135.3,183.3909090909091,19,[78],[0,11],false,"mDiffFit",10],[13,69.25,117.61363636363637,20,[78],[13,0],false,"mDiffFit",8],[13,117.61363636363637,165.11363636363637,21,[78],[1,0],false,"mDiffFit",9],[1,67.75,120.95,22,[78],[1,3],false,"mDiffFit",3],[7,68.5,121.4,23,[78],[1,6],false,"mDiffFit",7],[4,133.8,187.5,24,[78],[1,7],false,"mDiffFit",0],[3,66.8,119.85,25,[78],[1,8],false,"mDiffFit",2],[15,68.5,116.5909090909091,26,[78],[1,9],false,"mDiffFit",0],[13,165.11363636363637,213.61363636363637,27,[78],[12,1],false,"mDiffFit",7],[8,135.1,188.45,28,[78],[13,1],false,"mDiffFit",9],[12,67.9,115.94545454545455,29,[78],[1,15],false,"mDiffFit",7],[10,61.0,109.81818181818181,30,[78],[2,3],false,"mDiffFit",3],[12,115.94545454545455,165.53636363636366,31,[78],[2,6],false,"mDiffFit",1],[3,133.8,186.55,32,[78],[3,7],false,"mDiffFit",7],[5,188.15,240.60000000000002,33,[78],[12,3],false,"mDiffFit",5],[8,188.45,241.5,34,[78],[13,3],false,"mDiffFit",10],[14,67.9,115.76363636363638,35,[78],[15,3],false,"mDiffFit",2],[1,120.95,173.6,36,[78],[2,4],false,"mDiffFit",0],[12,165.53636363636366,214.03636363636366,37,[78],[12,4],false,"mDiffFit",7],[11,183.3909090909091,231.3,38,[78],[13,4],false,"mDiffFit",9],[14,115.76363636363638,163.0818181818182,39,[78],[1,5],false,"mDiffFit",8],[6,122.25,175.15,40,[78],[1,6],false,"mDiffFit",7],[1,173.6,226.14999999999998,41,[78],[6,4],false,"mDiffFit",9],[0,133.8,187.65,42,[78],[6,8],false,"mDiffFit",5],[14,163.0818181818182,210.62727272727273,43,[78],[6,9],false,"mDiffFit",8],[12,214.03636363636366,261.3090909090909,44,[78],[10,6],false,"mDiffFit",7],[9,133.89999999999998,186.59999999999997,45,[78],[12,6],false,"mDiffFit",9],[10,133.8,181.8,46,[78],[0,7],false,"mDiffFit",7],[12,261.3090909090909,309.58181818181816,47,[78],[2,7],false,"mDiffFit",7],[8,241.5,294.45,48,[78],[3,7],false,"mDiffFit",6],[15,135.3,182.93636363636364,49,[78],[11,7],false,"mDiffFit",2],[11,231.3,279.8909090909091,50,[78],[4,8],false,"mDiffFit",6],[5,240.60000000000002,293.85,51,[78],[8,7],false,"mDiffFit",7],[12,309.58181818181816,357.5363636363636,52,[78],[8],false,"mDiffFit",3],[9,186.59999999999997,239.89999999999998,53,[78],[10,8],false,"mDiffFit",8],[13,213.61363636363637,261.5681818181818,54,[78],[11,8],false,"mDiffFit",10],[13,261.5681818181818,309.5681818181818,55,[78],[9],false,"mDiffFit",8],[7,121.4,173.75,56,[78],[1,10],false,"mDiffFit",3],[4,187.5,239.9,57,[78],[10,3],false,"mDiffFit",0],[1,226.14999999999998,278.7,58,[78],[10,5],false,"mDiffFit",0],[9,239.89999999999998,292.84999999999997,59,[78],[10,7],false,"mDiffFit",5],[7,173.75,227.35,60,[78],[10],false,"mDiffFit",7],[11,279.8909090909091,327.57272727272726,61,[78],[13,10],false,"mDiffFit",10],[3,186.55,239.75,62,[78],[10,14],false,"mDiffFit",1],[12,357.5363636363636,405.08181818181816,63,[78],[0,11],false,"mDiffFit",1],[4,239.9,291.65,64,[78],[11,8],false,"mDiffFit",4],[2,135.3,188.5,65,[78],[11,14],false,"mDiffFit",4],[10,181.8,229.93636363636364,66,[78],[12,4],false,"mDiffFit",1],[5,293.85,347.45000000000005,67,[78],[12],false,"mDiffFit",0],[10,229.93636363636364,277.9818181818182,68,[78],[12,15],false,"mDiffFit",5],[1,278.7,331.75,69,[78],[1,13],false,"mDiffFit",8],[13,309.5681818181818,358.02272727272725,70,[78],[13,5],false,"mDiffFit",9],[4,291.65,345.5,71,[78],[13,7],false,"mDiffFit",0],[10,277.9818181818182,325.3909090909091,72,[78],[12,13],false,"mDiffFit",8],[5,347.45000000000005,401.40000000000003,73,[78],[13],false,"mDiffFit",0],[5,401.40000000000003,454.65000000000003,74,[78],[2,15],false,"mDiffFit",2],[6,175.15,227.60000000000002,75,[78],[3,15],false,"mDiffFit",3],[7,227.35,280.4,76,[78],[15,8],false,"mDiffFit",2],[9,292.84999999999997,345.2,77,[78],[11,15],false,"mDiffFit",9],[13,358.02272727272725,406.43181818181813,78,[78],[14,15],false,"mDiffFit",3],[0,454.65000000000003,479.45000000000005,79,[79],[59,58,16,53,17,52,51,50,57,56,18,55,19,54,60,69,20,21,22,23,24,25,62,26,61,27,64,28,63,66,29,65,68,67,70,71,34,35,32,33,30,31,77,76,75,38,74,39,73,36,72,37,43,44,45,46,40,41,42,47,48,49],false,"mConcatFit",10],[13,479.45000000000005,503.7227272727273,80,[80,81,82,83,84,85,86,87,88,89,90,91,92,93,94,95],[78],false,"mBgModel",3],[1,503.7227272727273,558.1227272727273,81,[96],[0,79],false,"mBackground",7],[12,503.7227272727273,553.5409090909092,82,[96],[1,79],false,"mBackground",4],[14,503.7227272727273,551.95,83,[96],[2,79],false,"mBackground",3],[5,503.7227272727273,557.3727272727273,84,[96],[79,3],false,"mBackground",8],[7,503.7227272727273,557.0227272727273,85,[96],[79,4],false,"mBackground",8],[13,503.7227272727273,551.4045454545454,86,[96],[79,5],false,"mBackground",1],[1,558.1227272727273,612.6227272727273,87,[96],[6,79],false,"mBackground",7],[10,503.7227272727273,552.5863636363637,88,[96],[79,7],false,"mBackground",0],[0,503.7227272727273,557.3227272727273,89,[96],[79,8],false,"mBackground",8],[15,503.7227272727273,553.0863636363637,90,[96],[79,9],false,"mBackground",0],[10,552.5863636363637,601.4045454545455,91,[96],[10,79],false,"mBackground",7],[0,557.3227272727273,610.7727272727274,92,[96],[11,79],false,"mBackground",8],[12,553.5409090909092,602.359090909091,93,[96],[12,79],false,"mBackground",3],[5,557.3727272727273,610.8227272727273,94,[96],[13,79],false,"mBackground",3],[4,503.7227272727273,557.3727272727273,95,[96],[79,14],false,"mBackground",8],[15,553.0863636363637,602.0863636363637,96,[96],[79,15],false,"mBackground",6],[1,612.6227272727273,650.7727272727273,97,[97],[94,95,80,81,82,88,87,89,84,91,83,90,93,86,85,92],false,"mImgTbl",7],[7,650.7727272727273,698.7727272727273,98,[98],[96],false,"mAdd",8],[12,698.7727272727273,730.1818181818181,99,[99],[97],false,"mShrink",7],[0,730.1818181818181,734.3318181818181,100,[],[98],false,"mJPEG",8]],"dimensions":["Resources Index","Start Time","Finish Time","id","sucs","pres","highlight","Name","Color"]}},"iteratorTimes":7}