{"finishtime":559.7499999999999,"code":200,"data":{"resources":{"data":[["0","null"],["1","null"],["2","null"],["3","null"],["4","null"],["5","null"],["6","null"],["7","null"],["8","null"],["9","null"],["10","null"],["11","null"],["12","null"],["13","null"],["14","null"],["15","null"],["16","null"],["17","null"],["18","null"],["19","null"],["20","null"],["21","null"],["22","null"],["23","null"],["24","null"],["25","null"],["26","null"],["27","null"],["28","null"],["29","null"]],"dimensions":["Name","Type"]},"tasks":{"data":[[26,0.0,69.25,1,[16,17,18,19,20,45,62,80],[],false,"mProjectPP",3],[27,0.0,65.55,2,[16,20,21,22,23,24,25,26,27,28,38,39,55,68,81],[],false,"mProjectPP",9],[13,0.0,67.1,3,[29,30,35,46,73,82],[],false,"mProjectPP",9],[3,0.0,66.5,4,[21,29,31,32,33,34,47,56,74,83],[],false,"mProjectPP",4],[6,0.0,65.8,5,[35,36,37,40,49,65,84],[],false,"mProjectPP",6],[15,0.0,67.85,6,[38,57,69,85],[],false,"mProjectPP",8],[29,0.0,66.25,7,[22,30,39,40,41,42,43,44,86],[],false,"mProjectPP",0],[4,0.0,68.25,8,[23,31,45,46,47,48,50,58,70,87],[],false,"mProjectPP",8],[5,0.0,68.15,9,[24,41,49,50,51,52,53,63,75,88],[],false,"mProjectPP",8],[9,0.0,68.5,10,[17,25,42,54,89],[],false,"mProjectPP",3],[12,0.0,67.75,11,[43,52,55,56,57,58,59,60,61,90],[],false,"mProjectPP",8],[18,0.0,69.05,12,[18,48,53,62,63,64,76,91],[],false,"mProjectPP",6],[14,0.0,68.1,13,[26,32,36,44,65,66,67,71,92],[],false,"mProjectPP",4],[12,67.75,134.55,14,[19,27,33,37,60,68,69,70,71,72,93],[],false,"mProjectPP",5],[29,66.25,132.1,15,[61,64,77,94],[],false,"mProjectPP",8],[2,0.0,67.9,16,[28,34,67,73,74,75,76,77,95],[],false,"mProjectPP",2],[4,69.25,122.1,17,[78],[1,0],false,"mDiffFit",5],[20,69.25,122.25,18,[78],[0,9],false,"mDiffFit",4],[28,69.25,122.15,19,[78],[0,11],false,"mDiffFit",6],[25,134.55,187.75,20,[78],[13,0],false,"mDiffFit",4],[22,69.25,121.5,21,[78],[1,0],false,"mDiffFit",0],[27,66.5,119.7,22,[78],[1,3],false,"mDiffFit",10],[0,66.25,119.15,23,[78],[1,6],false,"mDiffFit",6],[5,68.25,121.95,24,[78],[1,7],false,"mDiffFit",3],[2,68.15,121.2,25,[78],[1,8],false,"mDiffFit",1],[25,187.75,240.65,26,[78],[1,9],false,"mDiffFit",6],[7,68.1,121.44999999999999,27,[78],[12,1],false,"mDiffFit",4],[3,134.55,187.9,28,[78],[13,1],false,"mDiffFit",4],[3,187.9,240.75,29,[78],[1,15],false,"mDiffFit",9],[3,240.75,294.45,30,[78],[2,3],false,"mDiffFit",4],[13,67.1,121.64999999999999,31,[78],[2,6],false,"mDiffFit",8],[23,68.25,121.0,32,[78],[3,7],false,"mDiffFit",6],[14,68.1,120.55,33,[78],[12,3],false,"mDiffFit",0],[17,134.55,187.60000000000002,34,[78],[13,3],false,"mDiffFit",8],[4,122.1,174.75,35,[78],[15,3],false,"mDiffFit",2],[23,121.0,173.65,36,[78],[2,4],false,"mDiffFit",7],[5,121.95,175.3,37,[78],[12,4],false,"mDiffFit",4],[24,134.55,187.25,38,[78],[13,4],false,"mDiffFit",7],[23,173.65,225.7,39,[78],[1,5],false,"mDiffFit",0],[6,66.25,119.15,40,[78],[1,6],false,"mDiffFit",1],[9,68.5,121.05,41,[78],[6,4],false,"mDiffFit",5],[11,68.15,122.0,42,[78],[6,8],false,"mDiffFit",0],[21,68.5,120.8,43,[78],[6,9],false,"mDiffFit",6],[6,119.15,171.15,44,[78],[10,6],false,"mDiffFit",1],[0,119.15,171.85000000000002,45,[78],[12,6],false,"mDiffFit",10],[22,121.5,174.3,46,[78],[0,7],false,"mDiffFit",0],[21,120.8,173.9,47,[78],[2,7],false,"mDiffFit",2],[4,174.75,227.7,48,[78],[3,7],false,"mDiffFit",9],[19,69.05,121.44999999999999,49,[78],[11,7],false,"mDiffFit",0],[15,68.15,121.60000000000001,50,[78],[4,8],false,"mDiffFit",6],[9,121.05,174.3,51,[78],[8,7],false,"mDiffFit",3],[1,68.15,120.9,52,[78],[8],false,"mDiffFit",0],[8,68.15,121.45,53,[78],[10,8],false,"mDiffFit",8],[29,132.1,184.85,54,[78],[11,8],false,"mDiffFit",7],[8,121.45,174.25,55,[78],[9],false,"mDiffFit",10],[2,121.2,173.55,56,[78],[1,10],false,"mDiffFit",5],[0,171.85000000000002,224.25000000000003,57,[78],[10,3],false,"mDiffFit",5],[5,175.3,227.85000000000002,58,[78],[10,5],false,"mDiffFit",1],[2,173.55,226.5,59,[78],[10,7],false,"mDiffFit",3],[2,226.5,280.1,60,[78],[10],false,"mDiffFit",8],[28,134.55,187.0,61,[78],[13,10],false,"mDiffFit",1],[4,227.7,280.9,62,[78],[10,14],false,"mDiffFit",7],[7,121.44999999999999,173.75,63,[78],[0,11],false,"mDiffFit",3],[18,69.05,120.8,64,[78],[11,8],false,"mDiffFit",2],[1,132.1,185.3,65,[78],[11,14],false,"mDiffFit",0],[6,171.15,224.10000000000002,66,[78],[12,4],false,"mDiffFit",0],[10,68.1,121.69999999999999,67,[78],[12],false,"mDiffFit",4],[12,134.55,187.4,68,[78],[12,15],false,"mDiffFit",4],[26,134.55,187.60000000000002,69,[78],[1,13],false,"mDiffFit",10],[26,187.60000000000002,240.90000000000003,70,[78],[13,5],false,"mDiffFit",7],[22,174.3,228.15,71,[78],[13,7],false,"mDiffFit",7],[6,224.10000000000002,276.25,72,[78],[12,13],false,"mDiffFit",7],[12,187.4,241.35000000000002,73,[78],[13],false,"mDiffFit",9],[7,173.75,227.0,74,[78],[2,15],false,"mDiffFit",10],[24,187.25,239.7,75,[78],[3,15],false,"mDiffFit",2],[21,173.9,226.95,76,[78],[15,8],false,"mDiffFit",10],[6,276.25,328.6,77,[78],[11,15],false,"mDiffFit",8],[7,227.0,280.25,78,[78],[14,15],false,"mDiffFit",8],[19,328.6,353.40000000000003,79,[79],[59,58,16,53,17,52,51,50,57,56,18,55,19,54,60,69,20,21,22,23,24,25,62,26,61,27,64,28,63,66,29,65,68,67,70,71,34,35,32,33,30,31,77,76,75,38,74,39,73,36,72,37,43,44,45,46,40,41,42,47,48,49],false,"mConcatFit",5],[8,353.40000000000003,380.1,80,[80,81,82,83,84,85,86,87,88,89,90,91,92,93,94,95],[78],false,"mBgModel",0],[15,380.1,434.5,81,[96],[0,79],false,"mBackground",0],[18,380.1,434.90000000000003,82,[96],[1,79],false,"mBackground",4],[12,380.1,433.15000000000003,83,[96],[2,79],false,"mBackground",10],[2,380.1,433.75,84,[96],[79,3],false,"mBackground",0],[22,380.1,433.40000000000003,85,[96],[79,4],false,"mBackground",0],[8,380.1,432.55,86,[96],[79,5],false,"mBackground",10],[13,380.1,434.6,87,[96],[6,79],false,"mBackground",5],[23,380.1,433.85,88,[96],[79,7],false,"mBackground",7],[25,380.1,433.70000000000005,89,[96],[79,8],false,"mBackground",1],[0,380.1,434.40000000000003,90,[96],[79,9],false,"mBackground",6],[14,380.1,433.8,91,[96],[10,79],false,"mBackground",8],[27,380.1,433.55,92,[96],[11,79],false,"mBackground",9],[1,380.1,433.8,93,[96],[12,79],false,"mBackground",2],[10,380.1,433.55,94,[96],[13,79],false,"mBackground",2],[17,380.1,433.75,95,[96],[79,14],false,"mBackground",3],[19,380.1,434.0,96,[96],[79,15],false,"mBackground",7],[22,434.90000000000003,473.05,97,[97],[94,95,80,81,82,88,87,89,84,91,83,90,93,86,85,92],false,"mImgTbl",1],[11,473.05,521.05,98,[98],[96],false,"mAdd",7],[6,521.05,555.5999999999999,99,[99],[97],false,"mShrink",9],[29,555.5999999999999,559.7499999999999,100,[],[98],false,"mJPEG",9]],"dimensions":["Resources Index","Start Time","Finish Time","id","sucs","pres","highlight","Name","Color"]}},"iteratorTimes":25}