{"finishtime":624.4545454545454,"code":200,"data":{"resources":{"data":[["0","null"],["1","null"],["2","null"],["3","null"],["4","null"],["5","null"],["6","null"],["7","null"],["8","null"],["9","null"],["10","null"],["11","null"],["12","null"],["13","null"],["14","null"],["15","null"]],"dimensions":["Name","Type"]},"tasks":{"data":[[0,0.0,69.25,1,[16,17,18,19,20,45,62,80],[],false,"mProjectPP",0],[9,0.0,65.55,2,[16,20,21,22,23,24,25,26,27,28,38,39,55,68,81],[],false,"mProjectPP",1],[2,0.0,67.1,3,[29,30,35,46,73,82],[],false,"mProjectPP",7],[10,0.0,60.45454545454545,4,[21,29,31,32,33,34,47,56,74,83],[],false,"mProjectPP",2],[5,0.0,65.8,5,[35,36,37,40,49,65,84],[],false,"mProjectPP",2],[1,0.0,67.85,6,[38,57,69,85],[],false,"mProjectPP",9],[5,65.8,132.05,7,[22,30,39,40,41,42,43,44,86],[],false,"mProjectPP",7],[13,0.0,62.04545454545455,8,[23,31,45,46,47,48,50,58,70,87],[],false,"mProjectPP",8],[15,0.0,61.95454545454545,9,[24,41,49,50,51,52,53,63,75,88],[],false,"mProjectPP",4],[15,61.95454545454545,124.22727272727272,10,[17,25,42,54,89],[],false,"mProjectPP",8],[2,67.1,134.85,11,[43,52,55,56,57,58,59,60,61,90],[],false,"mProjectPP",1],[7,0.0,69.05,12,[18,48,53,62,63,64,76,91],[],false,"mProjectPP",0],[12,0.0,61.90909090909091,13,[26,32,36,44,65,66,67,71,92],[],false,"mProjectPP",7],[14,0.0,60.72727272727273,14,[19,27,33,37,60,68,69,70,71,72,93],[],false,"mProjectPP",8],[6,0.0,65.85,15,[61,64,77,94],[],false,"mProjectPP",8],[4,0.0,67.9,16,[28,34,67,73,74,75,76,77,95],[],false,"mProjectPP",0],[3,69.25,122.1,17,[78],[1,0],false,"mDiffFit",3],[7,124.22727272727272,177.22727272727272,18,[78],[0,9],false,"mDiffFit",0],[0,69.25,122.15,19,[78],[0,11],false,"mDiffFit",10],[1,69.25,122.45,20,[78],[13,0],false,"mDiffFit",4],[0,122.15,174.4,21,[78],[1,0],false,"mDiffFit",3],[2,134.85,188.05,22,[78],[1,3],false,"mDiffFit",5],[10,132.05,180.1409090909091,23,[78],[1,6],false,"mDiffFit",10],[6,65.85,119.55,24,[78],[1,7],false,"mDiffFit",3],[14,65.55,113.77727272727273,25,[78],[1,8],false,"mDiffFit",9],[0,174.4,227.3,26,[78],[1,9],false,"mDiffFit",7],[9,65.55,118.9,27,[78],[12,1],false,"mDiffFit",0],[13,65.55,114.05,28,[78],[13,1],false,"mDiffFit",6],[4,67.9,120.75,29,[78],[1,15],false,"mDiffFit",3],[14,113.77727272727273,162.59545454545454,30,[78],[2,3],false,"mDiffFit",9],[11,132.05,181.6409090909091,31,[78],[2,6],false,"mDiffFit",7],[11,181.6409090909091,229.59545454545457,32,[78],[3,7],false,"mDiffFit",2],[6,119.55,172.0,33,[78],[12,3],false,"mDiffFit",10],[7,177.22727272727272,230.2772727272727,34,[78],[13,3],false,"mDiffFit",9],[13,114.05,161.91363636363636,35,[78],[15,3],false,"mDiffFit",10],[15,124.22727272727272,172.0909090909091,36,[78],[2,4],false,"mDiffFit",9],[9,118.9,172.25,37,[78],[12,4],false,"mDiffFit",10],[5,132.05,184.75,38,[78],[13,4],false,"mDiffFit",7],[5,184.75,236.8,39,[78],[1,5],false,"mDiffFit",5],[2,188.05,240.95000000000002,40,[78],[1,6],false,"mDiffFit",6],[6,172.0,224.55,41,[78],[6,4],false,"mDiffFit",3],[14,162.59545454545454,211.55,42,[78],[6,8],false,"mDiffFit",5],[5,236.8,289.1,43,[78],[6,9],false,"mDiffFit",10],[15,172.0909090909091,219.36363636363637,44,[78],[10,6],false,"mDiffFit",4],[14,211.55,259.45909090909095,45,[78],[12,6],false,"mDiffFit",0],[0,227.3,280.1,46,[78],[0,7],false,"mDiffFit",1],[11,229.59545454545457,277.8681818181818,47,[78],[2,7],false,"mDiffFit",9],[10,180.1409090909091,228.27727272727273,48,[78],[3,7],false,"mDiffFit",2],[3,122.1,174.5,49,[78],[11,7],false,"mDiffFit",1],[1,122.45,175.9,50,[78],[4,8],false,"mDiffFit",6],[8,62.04545454545455,115.29545454545455,51,[78],[8,7],false,"mDiffFit",5],[2,240.95000000000002,293.70000000000005,52,[78],[8],false,"mDiffFit",3],[9,172.25,225.55,53,[78],[10,8],false,"mDiffFit",1],[15,219.36363636363637,267.3181818181818,54,[78],[11,8],false,"mDiffFit",3],[3,174.5,227.3,55,[78],[9],false,"mDiffFit",6],[4,134.85,187.2,56,[78],[1,10],false,"mDiffFit",10],[7,230.2772727272727,282.6772727272727,57,[78],[10,3],false,"mDiffFit",3],[12,134.85,182.62272727272727,58,[78],[10,5],false,"mDiffFit",0],[13,161.91363636363636,210.04999999999998,59,[78],[10,7],false,"mDiffFit",2],[12,182.62272727272727,231.35,60,[78],[10],false,"mDiffFit",7],[9,225.55,278.0,61,[78],[13,10],false,"mDiffFit",8],[4,187.2,240.39999999999998,62,[78],[10,14],false,"mDiffFit",2],[2,293.70000000000005,346.00000000000006,63,[78],[0,11],false,"mDiffFit",4],[14,259.45909090909095,306.5045454545455,64,[78],[11,8],false,"mDiffFit",4],[11,277.8681818181818,326.2318181818182,65,[78],[11,14],false,"mDiffFit",5],[13,210.04999999999998,258.18636363636364,66,[78],[12,4],false,"mDiffFit",0],[13,258.18636363636364,306.9136363636364,67,[78],[12],false,"mDiffFit",10],[15,267.3181818181818,315.3636363636364,68,[78],[12,15],false,"mDiffFit",5],[1,175.9,228.95,69,[78],[1,13],false,"mDiffFit",5],[10,228.27727272727273,276.7318181818182,70,[78],[13,5],false,"mDiffFit",2],[3,227.3,281.15000000000003,71,[78],[13,7],false,"mDiffFit",6],[1,228.95,281.09999999999997,72,[78],[12,13],false,"mDiffFit",10],[4,240.39999999999998,294.34999999999997,73,[78],[13],false,"mDiffFit",4],[5,289.1,342.35,74,[78],[2,15],false,"mDiffFit",5],[10,276.7318181818182,324.4136363636364,75,[78],[3,15],false,"mDiffFit",6],[0,280.1,333.15000000000003,76,[78],[15,8],false,"mDiffFit",5],[8,115.29545454545455,167.64545454545456,77,[78],[11,15],false,"mDiffFit",10],[7,282.6772727272727,335.9272727272727,78,[78],[14,15],false,"mDiffFit",9],[1,346.00000000000006,370.80000000000007,79,[79],[59,58,16,53,17,52,51,50,57,56,18,55,19,54,60,69,20,21,22,23,24,25,62,26,61,27,64,28,63,66,29,65,68,67,70,71,34,35,32,33,30,31,77,76,75,38,74,39,73,36,72,37,43,44,45,46,40,41,42,47,48,49],false,"mConcatFit",4],[15,370.80000000000007,395.0727272727273,80,[80,81,82,83,84,85,86,87,88,89,90,91,92,93,94,95],[78],false,"mBgModel",7],[8,395.0727272727273,449.4727272727273,81,[96],[0,79],false,"mBackground",8],[0,395.0727272727273,449.87272727272733,82,[96],[1,79],false,"mBackground",6],[9,395.0727272727273,448.12272727272733,83,[96],[2,79],false,"mBackground",6],[15,395.0727272727273,443.8454545454546,84,[96],[79,3],false,"mBackground",2],[7,395.0727272727273,448.37272727272733,85,[96],[79,4],false,"mBackground",2],[4,395.0727272727273,447.5227272727273,86,[96],[79,5],false,"mBackground",3],[15,443.8454545454546,493.39090909090913,87,[96],[6,79],false,"mBackground",8],[2,395.0727272727273,448.8227272727273,88,[96],[79,7],false,"mBackground",0],[4,447.5227272727273,501.12272727272733,89,[96],[79,8],false,"mBackground",9],[5,395.0727272727273,449.37272727272733,90,[96],[79,9],false,"mBackground",1],[5,449.37272727272733,503.0727272727273,91,[96],[10,79],false,"mBackground",7],[11,395.0727272727273,443.66363636363644,92,[96],[11,79],false,"mBackground",6],[11,443.66363636363644,492.48181818181826,93,[96],[12,79],false,"mBackground",7],[14,395.0727272727273,443.66363636363644,94,[96],[13,79],false,"mBackground",6],[7,448.37272727272733,502.0227272727273,95,[96],[79,14],false,"mBackground",4],[13,395.0727272727273,444.0727272727273,96,[96],[79,15],false,"mBackground",1],[10,503.0727272727273,537.7545454545455,97,[97],[94,95,80,81,82,88,87,89,84,91,83,90,93,86,85,92],false,"mImgTbl",7],[5,537.7545454545455,585.7545454545455,98,[98],[96],false,"mAdd",1],[9,585.7545454545455,620.3045454545454,99,[99],[97],false,"mShrink",10],[9,620.3045454545454,624.4545454545454,100,[],[98],false,"mJPEG",8]],"dimensions":["Resources Index","Start Time","Finish Time","id","sucs","pres","highlight","Name","Color"]}},"iteratorTimes":35}