{"finishtime":771.2636363636364,"code":200,"data":{"resources":{"data":[["0","null"],["1","null"],["2","null"],["3","null"],["4","null"],["5","null"],["6","null"],["7","null"],["8","null"],["9","null"],["10","null"],["11","null"],["12","null"],["13","null"],["14","null"],["15","null"]],"dimensions":["Name","Type"]},"tasks":{"data":[[6,0.0,69.25,1,[16,17,18,19,20,45,62,80],[],false,"mProjectPP",10],[3,0.0,65.55,2,[16,20,21,22,23,24,25,26,27,28,38,39,55,68,81],[],false,"mProjectPP",3],[14,0.0,61.0,3,[29,30,35,46,73,82],[],false,"mProjectPP",10],[4,0.0,66.5,4,[21,29,31,32,33,34,47,56,74,83],[],false,"mProjectPP",0],[8,0.0,65.8,5,[35,36,37,40,49,65,84],[],false,"mProjectPP",2],[3,65.55,133.39999999999998,6,[38,57,69,85],[],false,"mProjectPP",4],[15,0.0,60.22727272727273,7,[22,30,39,40,41,42,43,44,86],[],false,"mProjectPP",6],[13,0.0,62.04545454545455,8,[23,31,45,46,47,48,50,58,70,87],[],false,"mProjectPP",10],[11,0.0,61.95454545454545,9,[24,41,49,50,51,52,53,63,75,88],[],false,"mProjectPP",8],[6,69.25,137.75,10,[17,25,42,54,89],[],false,"mProjectPP",9],[9,0.0,67.75,11,[43,52,55,56,57,58,59,60,61,90],[],false,"mProjectPP",7],[10,0.0,62.77272727272727,12,[18,48,53,62,63,64,76,91],[],false,"mProjectPP",3],[0,0.0,68.1,13,[26,32,36,44,65,66,67,71,92],[],false,"mProjectPP",8],[0,68.1,134.89999999999998,14,[19,27,33,37,60,68,69,70,71,72,93],[],false,"mProjectPP",5],[9,67.75,133.6,15,[61,64,77,94],[],false,"mProjectPP",8],[12,0.0,61.72727272727273,16,[28,34,67,73,74,75,76,77,95],[],false,"mProjectPP",3],[2,69.25,122.1,17,[78],[1,0],false,"mDiffFit",1],[1,137.75,190.75,18,[78],[0,9],false,"mDiffFit",3],[15,69.25,117.3409090909091,19,[78],[0,11],false,"mDiffFit",6],[8,134.89999999999998,188.09999999999997,20,[78],[13,0],false,"mDiffFit",1],[5,69.25,121.5,21,[78],[1,0],false,"mDiffFit",1],[7,66.5,119.7,22,[78],[1,3],false,"mDiffFit",3],[6,137.75,190.65,23,[78],[1,6],false,"mDiffFit",7],[12,65.55,114.36818181818182,24,[78],[1,7],false,"mDiffFit",2],[15,117.3409090909091,165.5681818181818,25,[78],[1,8],false,"mDiffFit",8],[13,137.75,185.8409090909091,26,[78],[1,9],false,"mDiffFit",8],[4,68.1,121.44999999999999,27,[78],[12,1],false,"mDiffFit",7],[6,190.65,244.0,28,[78],[13,1],false,"mDiffFit",8],[4,121.44999999999999,174.29999999999998,29,[78],[1,15],false,"mDiffFit",9],[11,66.5,115.31818181818181,30,[78],[2,3],false,"mDiffFit",7],[11,115.31818181818181,164.9090909090909,31,[78],[2,6],false,"mDiffFit",7],[5,121.5,174.25,32,[78],[3,7],false,"mDiffFit",3],[7,119.7,172.15,33,[78],[12,3],false,"mDiffFit",8],[3,134.89999999999998,187.95,34,[78],[13,3],false,"mDiffFit",5],[8,188.09999999999997,240.74999999999997,35,[78],[15,3],false,"mDiffFit",1],[0,134.89999999999998,187.54999999999998,36,[78],[2,4],false,"mDiffFit",6],[14,68.1,116.6,37,[78],[12,4],false,"mDiffFit",3],[6,244.0,296.7,38,[78],[13,4],false,"mDiffFit",5],[8,240.74999999999997,292.79999999999995,39,[78],[1,5],false,"mDiffFit",2],[7,172.15,225.05,40,[78],[1,6],false,"mDiffFit",9],[14,116.6,164.37272727272727,41,[78],[6,4],false,"mDiffFit",3],[4,174.29999999999998,228.14999999999998,42,[78],[6,8],false,"mDiffFit",8],[10,137.75,185.29545454545456,43,[78],[6,9],false,"mDiffFit",0],[13,185.8409090909091,233.11363636363637,44,[78],[10,6],false,"mDiffFit",4],[12,114.36818181818182,162.27727272727273,45,[78],[12,6],false,"mDiffFit",4],[14,164.37272727272727,212.37272727272727,46,[78],[0,7],false,"mDiffFit",4],[15,165.5681818181818,213.8409090909091,47,[78],[2,7],false,"mDiffFit",4],[3,187.95,240.89999999999998,48,[78],[3,7],false,"mDiffFit",3],[10,185.29545454545456,232.9318181818182,49,[78],[11,7],false,"mDiffFit",7],[7,225.05,278.5,50,[78],[4,8],false,"mDiffFit",2],[3,240.89999999999998,294.15,51,[78],[8,7],false,"mDiffFit",1],[0,187.54999999999998,240.29999999999998,52,[78],[8],false,"mDiffFit",10],[12,162.27727272727273,210.7318181818182,53,[78],[10,8],false,"mDiffFit",4],[5,174.25,227.0,54,[78],[11,8],false,"mDiffFit",5],[6,296.7,349.5,55,[78],[9],false,"mDiffFit",8],[9,133.6,185.95,56,[78],[1,10],false,"mDiffFit",1],[14,212.37272727272727,260.0090909090909,57,[78],[10,3],false,"mDiffFit",7],[0,240.29999999999998,292.84999999999997,58,[78],[10,5],false,"mDiffFit",7],[0,292.84999999999997,345.79999999999995,59,[78],[10,7],false,"mDiffFit",7],[7,278.5,332.1,60,[78],[10],false,"mDiffFit",2],[1,190.75,243.2,61,[78],[13,10],false,"mDiffFit",3],[2,133.6,186.8,62,[78],[10,14],false,"mDiffFit",7],[6,349.5,401.8,63,[78],[0,11],false,"mDiffFit",3],[11,164.9090909090909,211.95454545454544,64,[78],[11,8],false,"mDiffFit",2],[10,232.9318181818182,281.29545454545456,65,[78],[11,14],false,"mDiffFit",5],[14,260.0090909090909,308.1454545454545,66,[78],[12,4],false,"mDiffFit",4],[11,211.95454545454544,260.6818181818182,67,[78],[12],false,"mDiffFit",9],[3,294.15,347.0,68,[78],[12,15],false,"mDiffFit",0],[3,347.0,400.05,69,[78],[1,13],false,"mDiffFit",4],[4,228.14999999999998,281.45,70,[78],[13,5],false,"mDiffFit",9],[10,281.29545454545456,330.25,71,[78],[13,7],false,"mDiffFit",7],[12,210.7318181818182,258.1409090909091,72,[78],[12,13],false,"mDiffFit",4],[2,186.8,240.75,73,[78],[13],false,"mDiffFit",9],[3,400.05,453.3,74,[78],[2,15],false,"mDiffFit",5],[1,243.2,295.65,75,[78],[3,15],false,"mDiffFit",3],[8,292.79999999999995,345.84999999999997,76,[78],[15,8],false,"mDiffFit",5],[12,258.1409090909091,305.7318181818182,77,[78],[11,15],false,"mDiffFit",4],[2,240.75,294.0,78,[78],[14,15],false,"mDiffFit",1],[5,453.3,478.1,79,[79],[59,58,16,53,17,52,51,50,57,56,18,55,19,54,60,69,20,21,22,23,24,25,62,26,61,27,64,28,63,66,29,65,68,67,70,71,34,35,32,33,30,31,77,76,75,38,74,39,73,36,72,37,43,44,45,46,40,41,42,47,48,49],false,"mConcatFit",3],[14,478.1,502.3727272727273,80,[80,81,82,83,84,85,86,87,88,89,90,91,92,93,94,95],[78],false,"mBgModel",0],[4,502.3727272727273,556.7727272727273,81,[96],[0,79],false,"mBackground",8],[7,502.3727272727273,557.1727272727272,82,[96],[1,79],false,"mBackground",5],[4,556.7727272727273,609.8227272727272,83,[96],[2,79],false,"mBackground",3],[11,502.3727272727273,551.1454545454545,84,[96],[79,3],false,"mBackground",1],[2,502.3727272727273,555.6727272727272,85,[96],[79,4],false,"mBackground",5],[13,502.3727272727273,550.0545454545454,86,[96],[79,5],false,"mBackground",7],[10,502.3727272727273,551.9181818181818,87,[96],[6,79],false,"mBackground",9],[3,502.3727272727273,556.1227272727273,88,[96],[79,7],false,"mBackground",6],[9,502.3727272727273,555.9727272727273,89,[96],[79,8],false,"mBackground",4],[2,555.6727272727272,609.9727272727272,90,[96],[79,9],false,"mBackground",4],[10,551.9181818181818,600.7363636363636,91,[96],[10,79],false,"mBackground",7],[3,556.1227272727273,609.5727272727273,92,[96],[11,79],false,"mBackground",0],[10,600.7363636363636,649.5545454545455,93,[96],[12,79],false,"mBackground",10],[12,502.3727272727273,550.9636363636364,94,[96],[13,79],false,"mBackground",2],[14,502.3727272727273,551.1454545454545,95,[96],[79,14],false,"mBackground",10],[6,502.3727272727273,556.2727272727273,96,[96],[79,15],false,"mBackground",8],[0,649.5545454545455,687.7045454545455,97,[97],[94,95,80,81,82,88,87,89,84,91,83,90,93,86,85,92],false,"mImgTbl",4],[3,687.7045454545455,735.7045454545455,98,[98],[96],false,"mAdd",10],[12,735.7045454545455,767.1136363636364,99,[99],[97],false,"mShrink",9],[3,767.1136363636364,771.2636363636364,100,[],[98],false,"mJPEG",3]],"dimensions":["Resources Index","Start Time","Finish Time","id","sucs","pres","highlight","Name","Color"]}},"iteratorTimes":0}