{"finishtime":1783.8500000000001,"code":200,"data":{"resources":{"data":[["0","null"],["1","null"],["2","null"],["3","null"],["4","null"],["5","null"],["6","null"],["7","null"],["8","null"],["9","null"],["10","null"],["11","null"],["12","null"],["13","null"],["14","null"],["15","null"],["16","null"],["17","null"],["18","null"],["19","null"],["20","null"],["21","null"]],"dimensions":["Name","Type"]},"tasks":{"data":[[1,0.0,772.25,3,[8,9,10,11],[],false,"ExtractSGT",9],[21,0.0,615.75,12,[12,13,14,15,16],[],false,"ExtractSGT",7],[5,0.0,551.0,23,[17,18,19,20,21],[],false,"ExtractSGT",10],[15,0.0,419.8,34,[22,23,24,25,26],[],false,"ExtractSGT",4],[10,0.0,995.15,45,[27,28,29,30,31,32],[],false,"ExtractSGT",3],[19,0.0,859.55,58,[33,34,35,36,37,38],[],false,"ExtractSGT",7],[3,0.0,1018.9,71,[39,40,41,42,43,44,45],[],false,"ExtractSGT",3],[20,0.0,857.65,86,[46,47,48,49,50,51,52],[],false,"ExtractSGT",3],[10,995.15,1269.6,4,[53,54],[0],false,"SeismogramSynthesis",7],[4,772.25,1046.15,6,[53,55],[0],false,"SeismogramSynthesis",8],[4,1046.15,1290.9,8,[53,56],[0],false,"SeismogramSynthesis",7],[2,772.25,1031.85,10,[53,57],[0],false,"SeismogramSynthesis",0],[9,615.75,744.3,13,[53,58],[1],false,"SeismogramSynthesis",9],[6,615.75,742.6,15,[53,59],[1],false,"SeismogramSynthesis",5],[11,615.75,759.75,17,[53,60],[1],false,"SeismogramSynthesis",6],[21,615.75,802.45,19,[53,61],[1],false,"SeismogramSynthesis",1],[1,772.25,973.9,21,[53,62],[1],false,"SeismogramSynthesis",7],[3,1018.9,1240.9,24,[53,63],[2],false,"SeismogramSynthesis",2],[11,759.75,970.75,26,[53,64],[2],false,"SeismogramSynthesis",0],[18,551.0,721.2,28,[53,65],[2],false,"SeismogramSynthesis",0],[9,744.3,1020.3499999999999,30,[53,66],[2],false,"SeismogramSynthesis",6],[17,551.0,762.25,32,[53,67],[2],false,"SeismogramSynthesis",7],[15,419.8,618.0,35,[53,68],[3],false,"SeismogramSynthesis",1],[14,419.8,613.85,37,[53,69],[3],false,"SeismogramSynthesis",8],[12,419.8,616.05,39,[53,70],[3],false,"SeismogramSynthesis",8],[21,802.45,913.6,41,[53,71],[3],false,"SeismogramSynthesis",9],[4,1290.9,1465.75,43,[53,72],[3],false,"SeismogramSynthesis",4],[17,995.15,1120.8,46,[53,73],[4],false,"SeismogramSynthesis",4],[15,995.15,1128.25,48,[53,74],[4],false,"SeismogramSynthesis",0],[11,995.15,1185.85,50,[53,75],[4],false,"SeismogramSynthesis",5],[20,995.15,1296.9,52,[53,76],[4],false,"SeismogramSynthesis",3],[8,995.15,1198.85,54,[53,77],[4],false,"SeismogramSynthesis",1],[11,1185.85,1361.55,56,[53,78],[4],false,"SeismogramSynthesis",5],[5,859.55,971.0,59,[53,79],[5],false,"SeismogramSynthesis",5],[3,1240.9,1441.0,61,[53,80],[5],false,"SeismogramSynthesis",7],[12,859.55,1109.3,63,[53,81],[5],false,"SeismogramSynthesis",10],[13,859.55,1150.6999999999998,65,[53,82],[5],false,"SeismogramSynthesis",7],[2,1031.85,1293.4499999999998,67,[53,83],[5],false,"SeismogramSynthesis",3],[17,1120.8,1249.45,69,[53,84],[5],false,"SeismogramSynthesis",0],[19,1018.9,1166.2,72,[53,85],[6],false,"SeismogramSynthesis",9],[7,1018.9,1248.85,74,[53,86],[6],false,"SeismogramSynthesis",9],[13,1150.6999999999998,1363.4499999999998,76,[53,87],[6],false,"SeismogramSynthesis",4],[17,1249.45,1508.4,78,[53,88],[6],false,"SeismogramSynthesis",5],[17,1508.4,1770.45,80,[53,89],[6],false,"SeismogramSynthesis",9],[20,1296.9,1466.95,82,[53,90],[6],false,"SeismogramSynthesis",5],[1,1018.9,1309.9,84,[53,91],[6],false,"SeismogramSynthesis",8],[6,857.65,1155.15,87,[53,92],[7],false,"SeismogramSynthesis",7],[0,857.65,1176.65,89,[53,93],[7],false,"SeismogramSynthesis",5],[14,857.65,1175.35,91,[53,94],[7],false,"SeismogramSynthesis",9],[7,1248.85,1528.05,93,[53,95],[7],false,"SeismogramSynthesis",0],[11,1361.55,1603.95,95,[53,96],[7],false,"SeismogramSynthesis",9],[15,1128.25,1412.75,97,[53,97],[7],false,"SeismogramSynthesis",5],[8,1198.85,1447.6999999999998,99,[53,98],[7],false,"SeismogramSynthesis",8],[4,1770.45,1774.45,2,[],[50,39,51,52,9,8,11,10,22,33,12,21,43,14,31,42,13,30,41,24,48,40,15,23,32,49,44,34,27,16,25,17,26,47,35,18,36,19,37,20,28,45,46,38,29],false,"ZipSeis",7],[5,1269.6,1275.1,5,[99],[8],false,"PeakValCalcOkaya",7],[21,1046.15,1049.0500000000002,7,[99],[9],false,"PeakValCalcOkaya",8],[15,1412.75,1416.05,9,[99],[10],false,"PeakValCalcOkaya",10],[12,1109.3,1113.1,11,[99],[11],false,"PeakValCalcOkaya",1],[15,1416.05,1419.5,14,[99],[12],false,"PeakValCalcOkaya",9],[12,1113.1,1120.8999999999999,16,[99],[13],false,"PeakValCalcOkaya",10],[11,1603.95,1611.1000000000001,18,[99],[14],false,"PeakValCalcOkaya",8],[8,1447.6999999999998,1455.1999999999998,20,[99],[15],false,"PeakValCalcOkaya",2],[11,1611.1000000000001,1616.5500000000002,22,[99],[16],false,"PeakValCalcOkaya",7],[19,1240.9,1248.75,25,[99],[17],false,"PeakValCalcOkaya",0],[7,1528.05,1534.8,27,[99],[18],false,"PeakValCalcOkaya",10],[6,1155.15,1161.1000000000001,29,[99],[19],false,"PeakValCalcOkaya",6],[16,1020.3499999999999,1024.3,31,[99],[20],false,"PeakValCalcOkaya",1],[3,1441.0,1448.4,33,[99],[21],false,"PeakValCalcOkaya",4],[3,1448.4,1453.4,36,[99],[22],false,"PeakValCalcOkaya",8],[3,1453.4,1459.15,38,[99],[23],false,"PeakValCalcOkaya",7],[18,721.2,724.45,40,[99],[24],false,"PeakValCalcOkaya",4],[10,1269.6,1274.75,42,[99],[25],false,"PeakValCalcOkaya",3],[0,1465.75,1472.5,44,[99],[26],false,"PeakValCalcOkaya",6],[2,1293.4499999999998,1296.7499999999998,47,[99],[27],false,"PeakValCalcOkaya",4],[15,1419.5,1424.35,49,[99],[28],false,"PeakValCalcOkaya",5],[5,1275.1,1278.8,51,[99],[29],false,"PeakValCalcOkaya",5],[10,1296.9,1303.4,53,[99],[30],false,"PeakValCalcOkaya",10],[13,1363.4499999999998,1369.2999999999997,55,[99],[31],false,"PeakValCalcOkaya",1],[21,1361.55,1367.8,57,[99],[32],false,"PeakValCalcOkaya",3],[3,1459.15,1463.95,60,[99],[33],false,"PeakValCalcOkaya",8],[13,1441.0,1447.75,62,[99],[34],false,"PeakValCalcOkaya",4],[7,1534.8,1541.3999999999999,64,[99],[35],false,"PeakValCalcOkaya",3],[18,1150.6999999999998,1157.7999999999997,66,[99],[36],false,"PeakValCalcOkaya",8],[17,1770.45,1775.2,68,[99],[37],false,"PeakValCalcOkaya",1],[8,1455.1999999999998,1460.1999999999998,70,[99],[38],false,"PeakValCalcOkaya",2],[18,1166.2,1172.8,73,[99],[39],false,"PeakValCalcOkaya",3],[13,1447.75,1453.2,75,[99],[40],false,"PeakValCalcOkaya",0],[7,1541.3999999999999,1545.55,77,[99],[41],false,"PeakValCalcOkaya",2],[1,1508.4,1514.3000000000002,79,[99],[42],false,"PeakValCalcOkaya",2],[18,1770.45,1775.45,81,[99],[43],false,"PeakValCalcOkaya",8],[3,1466.95,1473.0,83,[99],[44],false,"PeakValCalcOkaya",8],[0,1472.5,1476.7,85,[99],[45],false,"PeakValCalcOkaya",8],[18,1775.45,1782.15,88,[99],[46],false,"PeakValCalcOkaya",0],[12,1176.65,1182.45,90,[99],[47],false,"PeakValCalcOkaya",10],[2,1296.7499999999998,1302.5999999999997,92,[99],[48],false,"PeakValCalcOkaya",2],[1,1528.05,1531.55,94,[99],[49],false,"PeakValCalcOkaya",0],[15,1603.95,1607.65,96,[99],[50],false,"PeakValCalcOkaya",4],[21,1412.75,1417.65,98,[99],[51],false,"PeakValCalcOkaya",5],[6,1447.6999999999998,1452.85,100,[99],[52],false,"PeakValCalcOkaya",9],[11,1782.15,1783.8500000000001,1,[],[96,97,98,55,54,56,68,79,67,66,58,57,88,60,76,87,59,75,94,86,70,78,95,85,61,69,77,89,90,72,84,73,62,71,63,92,80,64,93,81,65,91,82,74,83],false,"ZipPSA",9]],"dimensions":["Resources Index","Start Time","Finish Time","id","sucs","pres","highlight","Name","Color"]}},"iteratorTimes":0}