{"finishtime":736.7499999999999,"code":200,"data":{"resources":{"data":[["0","null"],["1","null"],["2","null"],["3","null"],["4","null"],["5","null"],["6","null"],["7","null"],["8","null"],["9","null"],["10","null"],["11","null"],["12","null"],["13","null"],["14","null"],["15","null"]],"dimensions":["Name","Type"]},"tasks":{"data":[[2,0.0,69.25,1,[16,17,18,19,20,45,62,80],[],false,"mProjectPP",8],[12,0.0,59.59090909090909,2,[16,20,21,22,23,24,25,26,27,28,38,39,55,68,81],[],false,"mProjectPP",10],[2,69.25,136.35,3,[29,30,35,46,73,82],[],false,"mProjectPP",1],[5,0.0,66.5,4,[21,29,31,32,33,34,47,56,74,83],[],false,"mProjectPP",10],[3,0.0,65.8,5,[35,36,37,40,49,65,84],[],false,"mProjectPP",4],[2,136.35,204.2,6,[38,57,69,85],[],false,"mProjectPP",5],[8,0.0,66.25,7,[22,30,39,40,41,42,43,44,86],[],false,"mProjectPP",9],[10,0.0,62.04545454545455,8,[23,31,45,46,47,48,50,58,70,87],[],false,"mProjectPP",10],[6,0.0,68.15,9,[24,41,49,50,51,52,53,63,75,88],[],false,"mProjectPP",4],[0,0.0,68.5,10,[17,25,42,54,89],[],false,"mProjectPP",1],[8,66.25,134.0,11,[43,52,55,56,57,58,59,60,61,90],[],false,"mProjectPP",0],[9,0.0,69.05,12,[18,48,53,62,63,64,76,91],[],false,"mProjectPP",6],[1,0.0,68.1,13,[26,32,36,44,65,66,67,71,92],[],false,"mProjectPP",3],[11,0.0,60.72727272727273,14,[19,27,33,37,60,68,69,70,71,72,93],[],false,"mProjectPP",10],[4,0.0,65.85,15,[61,64,77,94],[],false,"mProjectPP",4],[1,68.1,136.0,16,[28,34,67,73,74,75,76,77,95],[],false,"mProjectPP",8],[0,69.25,122.1,17,[78],[1,0],false,"mDiffFit",2],[10,69.25,117.43181818181819,18,[78],[0,9],false,"mDiffFit",4],[13,69.25,117.3409090909091,19,[78],[0,11],false,"mDiffFit",1],[9,69.25,122.45,20,[78],[13,0],false,"mDiffFit",1],[8,134.0,186.25,21,[78],[1,0],false,"mDiffFit",6],[4,66.5,119.7,22,[78],[1,3],false,"mDiffFit",1],[2,204.2,257.09999999999997,23,[78],[1,6],false,"mDiffFit",3],[1,136.0,189.7,24,[78],[1,7],false,"mDiffFit",3],[5,68.15,121.2,25,[78],[1,8],false,"mDiffFit",4],[6,68.5,121.4,26,[78],[1,9],false,"mDiffFit",2],[6,121.4,174.75,27,[78],[12,1],false,"mDiffFit",5],[14,60.72727272727273,109.22727272727272,28,[78],[13,1],false,"mDiffFit",1],[2,257.09999999999997,309.95,29,[78],[1,15],false,"mDiffFit",3],[0,136.35,190.05,30,[78],[2,3],false,"mDiffFit",2],[4,136.35,190.89999999999998,31,[78],[2,6],false,"mDiffFit",4],[11,66.5,114.45454545454545,32,[78],[3,7],false,"mDiffFit",0],[4,190.89999999999998,243.34999999999997,33,[78],[12,3],false,"mDiffFit",2],[13,117.3409090909091,165.5681818181818,34,[78],[13,3],false,"mDiffFit",10],[14,136.0,183.86363636363637,35,[78],[15,3],false,"mDiffFit",4],[9,136.35,189.0,36,[78],[2,4],false,"mDiffFit",1],[10,117.43181818181819,165.9318181818182,37,[78],[12,4],false,"mDiffFit",9],[12,65.8,113.7090909090909,38,[78],[13,4],false,"mDiffFit",9],[1,204.2,256.25,39,[78],[1,5],false,"mDiffFit",3],[13,165.5681818181818,213.6590909090909,40,[78],[1,6],false,"mDiffFit",10],[1,256.25,308.8,41,[78],[6,4],false,"mDiffFit",7],[6,174.75,228.6,42,[78],[6,8],false,"mDiffFit",2],[5,121.2,173.5,43,[78],[6,9],false,"mDiffFit",3],[1,308.8,360.8,44,[78],[10,6],false,"mDiffFit",4],[0,190.05,242.75,45,[78],[12,6],false,"mDiffFit",5],[13,213.6590909090909,261.6590909090909,46,[78],[0,7],false,"mDiffFit",3],[15,136.35,184.62272727272727,47,[78],[2,7],false,"mDiffFit",2],[8,186.25,239.2,48,[78],[3,7],false,"mDiffFit",6],[13,261.6590909090909,309.2954545454545,49,[78],[11,7],false,"mDiffFit",3],[5,173.5,226.95,50,[78],[4,8],false,"mDiffFit",9],[6,228.6,281.85,51,[78],[8,7],false,"mDiffFit",10],[10,165.9318181818182,213.88636363636363,52,[78],[8],false,"mDiffFit",6],[11,134.0,182.45454545454544,53,[78],[10,8],false,"mDiffFit",8],[9,189.0,241.75,54,[78],[11,8],false,"mDiffFit",5],[6,281.85,334.65000000000003,55,[78],[9],false,"mDiffFit",6],[12,134.0,181.5909090909091,56,[78],[1,10],false,"mDiffFit",8],[6,334.65000000000003,387.05,57,[78],[10,3],false,"mDiffFit",7],[15,204.2,251.97272727272727,58,[78],[10,5],false,"mDiffFit",10],[10,213.88636363636363,262.02272727272725,59,[78],[10,7],false,"mDiffFit",2],[10,262.02272727272725,310.75,60,[78],[10],false,"mDiffFit",9],[7,134.0,186.45,61,[78],[13,10],false,"mDiffFit",6],[9,241.75,294.95,62,[78],[10,14],false,"mDiffFit",7],[4,243.34999999999997,295.65,63,[78],[0,11],false,"mDiffFit",7],[0,242.75,294.5,64,[78],[11,8],false,"mDiffFit",6],[3,69.05,122.25,65,[78],[11,14],false,"mDiffFit",3],[11,182.45454545454544,230.59090909090907,66,[78],[12,4],false,"mDiffFit",0],[10,310.75,359.47727272727275,67,[78],[12],false,"mDiffFit",4],[13,309.2954545454545,357.34090909090907,68,[78],[12,15],false,"mDiffFit",4],[12,181.5909090909091,229.8181818181818,69,[78],[1,13],false,"mDiffFit",0],[13,357.34090909090907,405.7954545454545,70,[78],[13,5],false,"mDiffFit",3],[8,239.2,293.05,71,[78],[13,7],false,"mDiffFit",10],[9,294.95,347.09999999999997,72,[78],[12,13],false,"mDiffFit",8],[4,295.65,349.59999999999997,73,[78],[13],false,"mDiffFit",7],[7,186.45,239.7,74,[78],[2,15],false,"mDiffFit",3],[13,405.7954545454545,453.4772727272727,75,[78],[3,15],false,"mDiffFit",7],[12,229.8181818181818,278.04545454545456,76,[78],[15,8],false,"mDiffFit",6],[6,387.05,439.40000000000003,77,[78],[11,15],false,"mDiffFit",8],[5,226.95,280.2,78,[78],[14,15],false,"mDiffFit",9],[5,453.4772727272727,478.2772727272727,79,[79],[59,58,16,53,17,52,51,50,57,56,18,55,19,54,60,69,20,21,22,23,24,25,62,26,61,27,64,28,63,66,29,65,68,67,70,71,34,35,32,33,30,31,77,76,75,38,74,39,73,36,72,37,43,44,45,46,40,41,42,47,48,49],false,"mConcatFit",6],[0,478.2772727272727,504.9772727272727,80,[80,81,82,83,84,85,86,87,88,89,90,91,92,93,94,95],[78],false,"mBgModel",8],[0,504.9772727272727,559.3772727272727,81,[96],[0,79],false,"mBackground",8],[2,504.9772727272727,559.7772727272727,82,[96],[1,79],false,"mBackground",3],[11,504.9772727272727,553.2045454545454,83,[96],[2,79],false,"mBackground",7],[4,504.9772727272727,558.6272727272727,84,[96],[79,3],false,"mBackground",3],[7,504.9772727272727,558.2772727272727,85,[96],[79,4],false,"mBackground",10],[8,504.9772727272727,557.4272727272727,86,[96],[79,5],false,"mBackground",3],[3,504.9772727272727,559.4772727272727,87,[96],[6,79],false,"mBackground",8],[5,504.9772727272727,558.7272727272727,88,[96],[79,7],false,"mBackground",0],[12,504.9772727272727,553.7045454545454,89,[96],[79,8],false,"mBackground",4],[13,504.9772727272727,554.340909090909,90,[96],[79,9],false,"mBackground",7],[12,553.7045454545454,602.5227272727273,91,[96],[10,79],false,"mBackground",3],[10,504.9772727272727,553.5681818181818,92,[96],[11,79],false,"mBackground",9],[13,554.340909090909,603.1590909090909,93,[96],[12,79],false,"mBackground",1],[1,504.9772727272727,558.4272727272727,94,[96],[13,79],false,"mBackground",6],[4,558.6272727272727,612.2772727272727,95,[96],[79,14],false,"mBackground",9],[6,504.9772727272727,558.8772727272727,96,[96],[79,15],false,"mBackground",8],[8,612.2772727272727,650.4272727272727,97,[97],[94,95,80,81,82,88,87,89,84,91,83,90,93,86,85,92],false,"mImgTbl",10],[6,650.4272727272727,698.4272727272727,98,[98],[96],false,"mAdd",3],[0,698.4272727272727,732.9772727272726,99,[99],[97],false,"mShrink",4],[12,732.9772727272726,736.7499999999999,100,[],[98],false,"mJPEG",8]],"dimensions":["Resources Index","Start Time","Finish Time","id","sucs","pres","highlight","Name","Color"]}},"iteratorTimes":0}