{"finishtime":748.3090909090907,"code":200,"data":{"resources":{"data":[["0","null"],["1","null"],["2","null"],["3","null"],["4","null"],["5","null"],["6","null"],["7","null"],["8","null"],["9","null"],["10","null"],["11","null"],["12","null"],["13","null"],["14","null"],["15","null"]],"dimensions":["Name","Type"]},"tasks":{"data":[[3,0.0,69.25,1,[16,17,18,19,20,45,62,80],[],false,"mProjectPP",5],[1,0.0,65.55,2,[16,20,21,22,23,24,25,26,27,28,38,39,55,68,81],[],false,"mProjectPP",4],[2,0.0,67.1,3,[29,30,35,46,73,82],[],false,"mProjectPP",7],[7,0.0,66.5,4,[21,29,31,32,33,34,47,56,74,83],[],false,"mProjectPP",7],[11,0.0,59.81818181818182,5,[35,36,37,40,49,65,84],[],false,"mProjectPP",2],[11,59.81818181818182,121.5,6,[38,57,69,85],[],false,"mProjectPP",10],[15,0.0,60.22727272727273,7,[22,30,39,40,41,42,43,44,86],[],false,"mProjectPP",8],[2,67.1,135.35,8,[23,31,45,46,47,48,50,58,70,87],[],false,"mProjectPP",0],[7,66.5,134.65,9,[24,41,49,50,51,52,53,63,75,88],[],false,"mProjectPP",9],[14,0.0,62.27272727272727,10,[17,25,42,54,89],[],false,"mProjectPP",0],[8,0.0,67.75,11,[43,52,55,56,57,58,59,60,61,90],[],false,"mProjectPP",6],[11,121.5,184.27272727272728,12,[18,48,53,62,63,64,76,91],[],false,"mProjectPP",6],[5,0.0,68.1,13,[26,32,36,44,65,66,67,71,92],[],false,"mProjectPP",2],[15,60.22727272727273,120.95454545454545,14,[19,27,33,37,60,68,69,70,71,72,93],[],false,"mProjectPP",4],[6,0.0,65.85,15,[61,64,77,94],[],false,"mProjectPP",10],[9,0.0,67.9,16,[28,34,67,73,74,75,76,77,95],[],false,"mProjectPP",5],[0,69.25,122.1,17,[78],[1,0],false,"mDiffFit",5],[14,69.25,117.43181818181819,18,[78],[0,9],false,"mDiffFit",3],[9,184.27272727272728,237.1727272727273,19,[78],[0,11],false,"mDiffFit",5],[1,120.95454545454545,174.15454545454546,20,[78],[13,0],false,"mDiffFit",7],[12,69.25,116.75,21,[78],[1,0],false,"mDiffFit",7],[11,184.27272727272728,232.63636363636365,22,[78],[1,3],false,"mDiffFit",7],[4,65.55,118.44999999999999,23,[78],[1,6],false,"mDiffFit",2],[13,135.35,184.1681818181818,24,[78],[1,7],false,"mDiffFit",0],[10,134.65,182.87727272727273,25,[78],[1,8],false,"mDiffFit",3],[13,184.1681818181818,232.2590909090909,26,[78],[1,9],false,"mDiffFit",9],[14,117.43181818181819,165.9318181818182,27,[78],[12,1],false,"mDiffFit",3],[13,232.2590909090909,280.7590909090909,28,[78],[13,1],false,"mDiffFit",5],[1,174.15454545454546,227.00454545454545,29,[78],[1,15],false,"mDiffFit",2],[13,280.7590909090909,329.5772727272727,30,[78],[2,3],false,"mDiffFit",5],[8,67.75,122.3,31,[78],[2,6],false,"mDiffFit",8],[4,135.35,188.1,32,[78],[3,7],false,"mDiffFit",4],[12,116.75,164.4318181818182,33,[78],[12,3],false,"mDiffFit",0],[0,122.1,175.14999999999998,34,[78],[13,3],false,"mDiffFit",6],[8,122.3,174.95,35,[78],[15,3],false,"mDiffFit",10],[8,174.95,227.6,36,[78],[2,4],false,"mDiffFit",7],[12,164.4318181818182,212.9318181818182,37,[78],[12,4],false,"mDiffFit",0],[4,188.1,240.8,38,[78],[13,4],false,"mDiffFit",1],[8,227.6,279.65,39,[78],[1,5],false,"mDiffFit",10],[2,135.35,188.25,40,[78],[1,6],false,"mDiffFit",2],[13,329.5772727272727,377.34999999999997,41,[78],[6,4],false,"mDiffFit",5],[1,227.00454545454545,280.8545454545455,42,[78],[6,8],false,"mDiffFit",2],[12,212.9318181818182,260.47727272727275,43,[78],[6,9],false,"mDiffFit",8],[13,377.34999999999997,424.6227272727272,44,[78],[10,6],false,"mDiffFit",3],[11,232.63636363636365,280.54545454545456,45,[78],[12,6],false,"mDiffFit",5],[14,165.9318181818182,213.9318181818182,46,[78],[0,7],false,"mDiffFit",1],[12,260.47727272727275,308.75,47,[78],[2,7],false,"mDiffFit",8],[7,135.35,188.3,48,[78],[3,7],false,"mDiffFit",10],[10,184.27272727272728,231.9090909090909,49,[78],[11,7],false,"mDiffFit",8],[9,237.1727272727273,290.6227272727273,50,[78],[4,8],false,"mDiffFit",6],[4,240.8,294.05,51,[78],[8,7],false,"mDiffFit",6],[14,213.9318181818182,261.8863636363636,52,[78],[8],false,"mDiffFit",2],[11,280.54545454545456,329.0,53,[78],[10,8],false,"mDiffFit",0],[7,188.3,241.05,54,[78],[11,8],false,"mDiffFit",3],[4,294.05,346.85,55,[78],[9],false,"mDiffFit",9],[3,69.25,121.6,56,[78],[1,10],false,"mDiffFit",4],[5,68.1,120.5,57,[78],[10,3],false,"mDiffFit",8],[0,175.14999999999998,227.7,58,[78],[10,5],false,"mDiffFit",7],[0,227.7,280.65,59,[78],[10,7],false,"mDiffFit",2],[9,290.6227272727273,344.2227272727273,60,[78],[10],false,"mDiffFit",9],[5,120.95454545454545,173.40454545454546,61,[78],[13,10],false,"mDiffFit",6],[1,280.8545454545455,334.05454545454546,62,[78],[10,14],false,"mDiffFit",9],[15,184.27272727272728,231.8181818181818,63,[78],[0,11],false,"mDiffFit",8],[15,231.8181818181818,278.8636363636364,64,[78],[11,8],false,"mDiffFit",8],[2,188.25,241.45,65,[78],[11,14],false,"mDiffFit",10],[6,68.1,121.05,66,[78],[12,4],false,"mDiffFit",0],[1,334.05454545454546,387.6545454545455,67,[78],[12],false,"mDiffFit",1],[14,261.8863636363636,309.9318181818182,68,[78],[12,15],false,"mDiffFit",2],[4,346.85,399.90000000000003,69,[78],[1,13],false,"mDiffFit",3],[4,399.90000000000003,453.20000000000005,70,[78],[13,5],false,"mDiffFit",6],[2,241.45,295.3,71,[78],[13,7],false,"mDiffFit",2],[0,280.65,332.79999999999995,72,[78],[12,13],false,"mDiffFit",3],[1,387.6545454545455,441.6045454545455,73,[78],[13],false,"mDiffFit",5],[14,309.9318181818182,358.3409090909091,74,[78],[2,15],false,"mDiffFit",4],[13,424.6227272727272,472.3045454545454,75,[78],[3,15],false,"mDiffFit",5],[12,308.75,356.97727272727275,76,[78],[15,8],false,"mDiffFit",10],[8,279.65,332.0,77,[78],[11,15],false,"mDiffFit",2],[5,173.40454545454546,226.65454545454546,78,[78],[14,15],false,"mDiffFit",0],[10,472.3045454545454,494.84999999999997,79,[79],[59,58,16,53,17,52,51,50,57,56,18,55,19,54,60,69,20,21,22,23,24,25,62,26,61,27,64,28,63,66,29,65,68,67,70,71,34,35,32,33,30,31,77,76,75,38,74,39,73,36,72,37,43,44,45,46,40,41,42,47,48,49],false,"mConcatFit",1],[11,494.84999999999997,519.1227272727273,80,[80,81,82,83,84,85,86,87,88,89,90,91,92,93,94,95],[78],false,"mBgModel",9],[15,519.1227272727273,568.5772727272728,81,[96],[0,79],false,"mBackground",6],[1,519.1227272727273,573.9227272727272,82,[96],[1,79],false,"mBackground",2],[4,519.1227272727273,572.1727272727272,83,[96],[2,79],false,"mBackground",10],[12,519.1227272727273,567.8954545454545,84,[96],[79,3],false,"mBackground",4],[3,519.1227272727273,572.4227272727272,85,[96],[79,4],false,"mBackground",10],[9,519.1227272727273,571.5727272727273,86,[96],[79,5],false,"mBackground",3],[4,572.1727272727272,626.6727272727272,87,[96],[6,79],false,"mBackground",2],[7,519.1227272727273,572.8727272727273,88,[96],[79,7],false,"mBackground",10],[12,567.8954545454545,616.6227272727273,89,[96],[79,8],false,"mBackground",6],[10,519.1227272727273,568.4863636363636,90,[96],[79,9],false,"mBackground",6],[10,568.4863636363636,617.3045454545455,91,[96],[10,79],false,"mBackground",6],[7,572.8727272727273,626.3227272727273,92,[96],[11,79],false,"mBackground",8],[9,571.5727272727273,625.2727272727274,93,[96],[12,79],false,"mBackground",4],[15,568.5772727272728,617.1681818181819,94,[96],[13,79],false,"mBackground",8],[14,519.1227272727273,567.8954545454545,95,[96],[79,14],false,"mBackground",4],[1,573.9227272727272,627.8227272727272,96,[96],[79,15],false,"mBackground",8],[4,627.8227272727272,665.9727272727272,97,[97],[94,95,80,81,82,88,87,89,84,91,83,90,93,86,85,92],false,"mImgTbl",3],[13,665.9727272727272,709.6090909090908,98,[98],[96],false,"mAdd",1],[0,709.6090909090908,744.1590909090908,99,[99],[97],false,"mShrink",6],[1,744.1590909090908,748.3090909090907,100,[],[98],false,"mJPEG",0]],"dimensions":["Resources Index","Start Time","Finish Time","id","sucs","pres","highlight","Name","Color"]}},"iteratorTimes":0}