{"finishtime":761.9363636363637,"code":200,"data":{"resources":{"data":[["0","null"],["1","null"],["2","null"],["3","null"],["4","null"],["5","null"],["6","null"],["7","null"],["8","null"],["9","null"],["10","null"],["11","null"],["12","null"],["13","null"],["14","null"],["15","null"]],"dimensions":["Name","Type"]},"tasks":{"data":[[15,0.0,62.95454545454545,1,[16,17,18,19,20,45,62,80],[],false,"mProjectPP",10],[15,62.95454545454545,122.54545454545455,2,[16,20,21,22,23,24,25,26,27,28,38,39,55,68,81],[],false,"mProjectPP",10],[9,0.0,67.1,3,[29,30,35,46,73,82],[],false,"mProjectPP",6],[15,122.54545454545455,183.0,4,[21,29,31,32,33,34,47,56,74,83],[],false,"mProjectPP",5],[6,0.0,65.8,5,[35,36,37,40,49,65,84],[],false,"mProjectPP",3],[12,0.0,61.68181818181818,6,[38,57,69,85],[],false,"mProjectPP",3],[10,0.0,60.22727272727273,7,[22,30,39,40,41,42,43,44,86],[],false,"mProjectPP",10],[14,0.0,62.04545454545455,8,[23,31,45,46,47,48,50,58,70,87],[],false,"mProjectPP",0],[7,0.0,68.15,9,[24,41,49,50,51,52,53,63,75,88],[],false,"mProjectPP",7],[12,61.68181818181818,123.95454545454545,10,[17,25,42,54,89],[],false,"mProjectPP",8],[1,0.0,67.75,11,[43,52,55,56,57,58,59,60,61,90],[],false,"mProjectPP",1],[9,67.1,136.14999999999998,12,[18,48,53,62,63,64,76,91],[],false,"mProjectPP",2],[2,0.0,68.1,13,[26,32,36,44,65,66,67,71,92],[],false,"mProjectPP",5],[2,68.1,134.89999999999998,14,[19,27,33,37,60,68,69,70,71,72,93],[],false,"mProjectPP",2],[13,0.0,59.86363636363637,15,[61,64,77,94],[],false,"mProjectPP",2],[10,60.22727272727273,121.95454545454545,16,[28,34,67,73,74,75,76,77,95],[],false,"mProjectPP",7],[2,134.89999999999998,187.74999999999997,17,[78],[1,0],false,"mDiffFit",9],[0,123.95454545454545,176.95454545454544,18,[78],[0,9],false,"mDiffFit",1],[10,136.14999999999998,184.24090909090907,19,[78],[0,11],false,"mDiffFit",0],[14,134.89999999999998,183.26363636363635,20,[78],[13,0],false,"mDiffFit",2],[10,184.24090909090907,231.74090909090907,21,[78],[1,0],false,"mDiffFit",8],[11,183.0,231.36363636363637,22,[78],[1,3],false,"mDiffFit",0],[12,123.95454545454545,172.04545454545456,23,[78],[1,6],false,"mDiffFit",2],[13,122.54545454545455,171.36363636363637,24,[78],[1,7],false,"mDiffFit",2],[8,122.54545454545455,175.59545454545454,25,[78],[1,8],false,"mDiffFit",4],[7,123.95454545454545,176.85454545454544,26,[78],[1,9],false,"mDiffFit",8],[0,176.95454545454544,230.30454545454543,27,[78],[12,1],false,"mDiffFit",1],[11,231.36363636363637,279.8636363636364,28,[78],[13,1],false,"mDiffFit",2],[2,187.74999999999997,240.59999999999997,29,[78],[1,15],false,"mDiffFit",2],[13,183.0,231.8181818181818,30,[78],[2,3],false,"mDiffFit",1],[0,230.30454545454543,284.8545454545454,31,[78],[2,6],false,"mDiffFit",3],[1,183.0,235.75,32,[78],[3,7],false,"mDiffFit",4],[10,231.74090909090907,279.42272727272723,33,[78],[12,3],false,"mDiffFit",1],[2,240.59999999999997,293.65,34,[78],[13,3],false,"mDiffFit",4],[6,183.0,235.65,35,[78],[15,3],false,"mDiffFit",5],[1,235.75,288.4,36,[78],[2,4],false,"mDiffFit",7],[7,176.85454545454544,230.20454545454544,37,[78],[12,4],false,"mDiffFit",2],[10,279.42272727272723,327.3318181818181,38,[78],[13,4],false,"mDiffFit",8],[8,175.59545454545454,227.64545454545453,39,[78],[1,5],false,"mDiffFit",7],[8,227.64545454545453,280.5454545454545,40,[78],[1,6],false,"mDiffFit",5],[6,235.65,288.2,41,[78],[6,4],false,"mDiffFit",9],[6,288.2,342.05,42,[78],[6,8],false,"mDiffFit",4],[1,288.4,340.7,43,[78],[6,9],false,"mDiffFit",2],[13,231.8181818181818,279.09090909090907,44,[78],[10,6],false,"mDiffFit",3],[11,279.8636363636364,327.77272727272725,45,[78],[12,6],false,"mDiffFit",10],[8,280.5454545454545,333.3454545454545,46,[78],[0,7],false,"mDiffFit",3],[6,342.05,395.15000000000003,47,[78],[2,7],false,"mDiffFit",7],[13,279.09090909090907,327.2272727272727,48,[78],[3,7],false,"mDiffFit",5],[11,327.77272727272725,375.4090909090909,49,[78],[11,7],false,"mDiffFit",10],[0,284.8545454545454,338.3045454545454,50,[78],[4,8],false,"mDiffFit",9],[12,172.04545454545456,220.45454545454547,51,[78],[8,7],false,"mDiffFit",3],[1,340.7,393.45,52,[78],[8],false,"mDiffFit",3],[15,183.0,231.45454545454544,53,[78],[10,8],false,"mDiffFit",1],[3,136.14999999999998,188.89999999999998,54,[78],[11,8],false,"mDiffFit",2],[14,183.26363636363635,231.26363636363635,55,[78],[9],false,"mDiffFit",5],[6,395.15000000000003,447.50000000000006,56,[78],[1,10],false,"mDiffFit",9],[8,333.3454545454545,385.7454545454545,57,[78],[10,3],false,"mDiffFit",4],[5,67.75,120.3,58,[78],[10,5],false,"mDiffFit",5],[15,231.45454545454544,279.59090909090907,59,[78],[10,7],false,"mDiffFit",8],[3,188.89999999999998,242.49999999999997,60,[78],[10],false,"mDiffFit",1],[9,136.14999999999998,188.59999999999997,61,[78],[13,10],false,"mDiffFit",6],[9,188.59999999999997,241.79999999999995,62,[78],[10,14],false,"mDiffFit",9],[4,136.14999999999998,188.45,63,[78],[0,11],false,"mDiffFit",0],[2,293.65,345.4,64,[78],[11,8],false,"mDiffFit",2],[3,242.49999999999997,295.7,65,[78],[11,14],false,"mDiffFit",2],[14,231.26363636363635,279.4,66,[78],[12,4],false,"mDiffFit",9],[12,220.45454545454547,269.1818181818182,67,[78],[12],false,"mDiffFit",8],[1,393.45,446.3,68,[78],[12,15],false,"mDiffFit",7],[12,269.1818181818182,317.40909090909093,69,[78],[1,13],false,"mDiffFit",9],[10,327.3318181818181,375.78636363636355,70,[78],[13,5],false,"mDiffFit",6],[4,188.45,242.29999999999998,71,[78],[13,7],false,"mDiffFit",0],[0,338.3045454545454,390.4545454545454,72,[78],[12,13],false,"mDiffFit",6],[5,134.89999999999998,188.84999999999997,73,[78],[13],false,"mDiffFit",6],[14,279.4,327.80909090909086,74,[78],[2,15],false,"mDiffFit",3],[2,345.4,397.84999999999997,75,[78],[3,15],false,"mDiffFit",6],[14,327.80909090909086,376.0363636363636,76,[78],[15,8],false,"mDiffFit",10],[12,317.40909090909093,365.0,77,[78],[11,15],false,"mDiffFit",4],[0,390.4545454545454,443.7045454545454,78,[78],[14,15],false,"mDiffFit",0],[8,447.50000000000006,472.30000000000007,79,[79],[59,58,16,53,17,52,51,50,57,56,18,55,19,54,60,69,20,21,22,23,24,25,62,26,61,27,64,28,63,66,29,65,68,67,70,71,34,35,32,33,30,31,77,76,75,38,74,39,73,36,72,37,43,44,45,46,40,41,42,47,48,49],false,"mConcatFit",3],[15,472.30000000000007,496.5727272727273,80,[80,81,82,83,84,85,86,87,88,89,90,91,92,93,94,95],[78],false,"mBgModel",9],[15,496.5727272727273,546.0272727272728,81,[96],[0,79],false,"mBackground",8],[11,496.5727272727273,546.3909090909092,82,[96],[1,79],false,"mBackground",8],[5,496.5727272727273,549.6227272727273,83,[96],[2,79],false,"mBackground",2],[13,496.5727272727273,545.3454545454546,84,[96],[79,3],false,"mBackground",1],[5,549.6227272727273,602.9227272727272,85,[96],[79,4],false,"mBackground",4],[1,496.5727272727273,549.0227272727274,86,[96],[79,5],false,"mBackground",10],[6,496.5727272727273,551.0727272727273,87,[96],[6,79],false,"mBackground",9],[11,546.3909090909092,595.2545454545456,88,[96],[79,7],false,"mBackground",1],[2,496.5727272727273,550.1727272727273,89,[96],[79,8],false,"mBackground",10],[12,496.5727272727273,545.9363636363637,90,[96],[79,9],false,"mBackground",7],[15,546.0272727272728,594.8454545454547,91,[96],[10,79],false,"mBackground",2],[15,594.8454545454547,643.4363636363638,92,[96],[11,79],false,"mBackground",5],[11,595.2545454545456,644.0727272727274,93,[96],[12,79],false,"mBackground",7],[8,496.5727272727273,550.0227272727274,94,[96],[13,79],false,"mBackground",8],[7,496.5727272727273,550.2227272727273,95,[96],[79,14],false,"mBackground",0],[0,496.5727272727273,550.4727272727273,96,[96],[79,15],false,"mBackground",8],[10,644.0727272727274,678.7545454545456,97,[97],[94,95,80,81,82,88,87,89,84,91,83,90,93,86,85,92],false,"mImgTbl",1],[9,678.7545454545456,726.7545454545456,98,[98],[96],false,"mAdd",0],[15,726.7545454545456,758.1636363636364,99,[99],[97],false,"mShrink",4],[10,758.1636363636364,761.9363636363637,100,[],[98],false,"mJPEG",7]],"dimensions":["Resources Index","Start Time","Finish Time","id","sucs","pres","highlight","Name","Color"]}},"iteratorTimes":0}