{"finishtime":733.1363636363636,"code":200,"data":{"resources":{"data":[["0","null"],["1","null"],["2","null"],["3","null"],["4","null"],["5","null"],["6","null"],["7","null"],["8","null"],["9","null"],["10","null"],["11","null"],["12","null"],["13","null"],["14","null"],["15","null"]],"dimensions":["Name","Type"]},"tasks":{"data":[[13,0.0,62.95454545454545,1,[16,17,18,19,20,45,62,80],[],false,"mProjectPP",1],[12,0.0,59.59090909090909,2,[16,20,21,22,23,24,25,26,27,28,38,39,55,68,81],[],false,"mProjectPP",8],[9,0.0,67.1,3,[29,30,35,46,73,82],[],false,"mProjectPP",9],[5,0.0,66.5,4,[21,29,31,32,33,34,47,56,74,83],[],false,"mProjectPP",6],[2,0.0,65.8,5,[35,36,37,40,49,65,84],[],false,"mProjectPP",0],[0,0.0,67.85,6,[38,57,69,85],[],false,"mProjectPP",4],[5,66.5,132.75,7,[22,30,39,40,41,42,43,44,86],[],false,"mProjectPP",1],[15,0.0,62.04545454545455,8,[23,31,45,46,47,48,50,58,70,87],[],false,"mProjectPP",0],[5,132.75,200.9,9,[24,41,49,50,51,52,53,63,75,88],[],false,"mProjectPP",2],[15,62.04545454545455,124.31818181818181,10,[17,25,42,54,89],[],false,"mProjectPP",8],[13,62.95454545454545,124.54545454545455,11,[43,52,55,56,57,58,59,60,61,90],[],false,"mProjectPP",6],[10,0.0,62.77272727272727,12,[18,48,53,62,63,64,76,91],[],false,"mProjectPP",2],[6,0.0,68.1,13,[26,32,36,44,65,66,67,71,92],[],false,"mProjectPP",9],[9,67.1,133.89999999999998,14,[19,27,33,37,60,68,69,70,71,72,93],[],false,"mProjectPP",8],[0,67.85,133.7,15,[61,64,77,94],[],false,"mProjectPP",9],[7,0.0,67.9,16,[28,34,67,73,74,75,76,77,95],[],false,"mProjectPP",5],[13,124.54545454545455,172.5909090909091,17,[78],[1,0],false,"mDiffFit",5],[6,124.31818181818181,177.3181818181818,18,[78],[0,9],false,"mDiffFit",4],[0,133.7,186.6,19,[78],[0,11],false,"mDiffFit",0],[12,133.89999999999998,182.26363636363635,20,[78],[13,0],false,"mDiffFit",7],[0,186.6,238.85,21,[78],[1,0],false,"mDiffFit",4],[2,66.5,119.7,22,[78],[1,3],false,"mDiffFit",4],[8,132.75,185.65,23,[78],[1,6],false,"mDiffFit",2],[6,177.3181818181818,231.0181818181818,24,[78],[1,7],false,"mDiffFit",4],[6,231.0181818181818,284.0681818181818,25,[78],[1,8],false,"mDiffFit",3],[0,238.85,291.75,26,[78],[1,9],false,"mDiffFit",9],[1,68.1,121.44999999999999,27,[78],[12,1],false,"mDiffFit",4],[7,133.89999999999998,187.24999999999997,28,[78],[13,1],false,"mDiffFit",5],[9,133.89999999999998,186.74999999999997,29,[78],[1,15],false,"mDiffFit",9],[15,124.31818181818181,173.13636363636363,30,[78],[2,3],false,"mDiffFit",4],[11,132.75,182.3409090909091,31,[78],[2,6],false,"mDiffFit",6],[1,121.44999999999999,174.2,32,[78],[3,7],false,"mDiffFit",9],[14,68.1,115.78181818181818,33,[78],[12,3],false,"mDiffFit",7],[2,133.89999999999998,186.95,34,[78],[13,3],false,"mDiffFit",7],[0,291.75,344.4,35,[78],[15,3],false,"mDiffFit",8],[6,284.0681818181818,336.7181818181818,36,[78],[2,4],false,"mDiffFit",9],[15,173.13636363636363,221.63636363636363,37,[78],[12,4],false,"mDiffFit",9],[13,172.5909090909091,220.5,38,[78],[13,4],false,"mDiffFit",1],[10,67.85,115.16818181818181,39,[78],[1,5],false,"mDiffFit",7],[3,132.75,185.65,40,[78],[1,6],false,"mDiffFit",5],[1,174.2,226.75,41,[78],[6,4],false,"mDiffFit",2],[2,200.9,254.75,42,[78],[6,8],false,"mDiffFit",6],[14,132.75,180.29545454545456,43,[78],[6,9],false,"mDiffFit",7],[10,132.75,180.02272727272728,44,[78],[10,6],false,"mDiffFit",5],[2,254.75,307.45,45,[78],[12,6],false,"mDiffFit",4],[14,180.29545454545456,228.29545454545456,46,[78],[0,7],false,"mDiffFit",9],[13,220.5,268.77272727272725,47,[78],[2,7],false,"mDiffFit",3],[7,187.24999999999997,240.2,48,[78],[3,7],false,"mDiffFit",5],[15,221.63636363636363,269.27272727272725,49,[78],[11,7],false,"mDiffFit",6],[3,200.9,254.35000000000002,50,[78],[4,8],false,"mDiffFit",1],[4,200.9,254.15,51,[78],[8,7],false,"mDiffFit",3],[7,240.2,292.95,52,[78],[8],false,"mDiffFit",8],[11,200.9,249.35454545454547,53,[78],[10,8],false,"mDiffFit",8],[6,336.7181818181818,389.4681818181818,54,[78],[11,8],false,"mDiffFit",9],[8,185.65,238.45,55,[78],[9],false,"mDiffFit",1],[14,228.29545454545456,275.8863636363636,56,[78],[1,10],false,"mDiffFit",3],[4,254.15,306.55,57,[78],[10,3],false,"mDiffFit",9],[5,200.9,253.45,58,[78],[10,5],false,"mDiffFit",2],[1,226.75,279.7,59,[78],[10,7],false,"mDiffFit",8],[14,275.8863636363636,324.6136363636364,60,[78],[10],false,"mDiffFit",7],[5,253.45,305.9,61,[78],[13,10],false,"mDiffFit",8],[5,305.9,359.09999999999997,62,[78],[10,14],false,"mDiffFit",10],[4,306.55,358.85,63,[78],[0,11],false,"mDiffFit",4],[13,268.77272727272725,315.8181818181818,64,[78],[11,8],false,"mDiffFit",10],[7,292.95,346.15,65,[78],[11,14],false,"mDiffFit",4],[3,254.35000000000002,307.3,66,[78],[12,4],false,"mDiffFit",0],[14,324.6136363636364,373.3409090909091,67,[78],[12],false,"mDiffFit",2],[11,249.35454545454547,297.40000000000003,68,[78],[12,15],false,"mDiffFit",10],[7,346.15,399.2,69,[78],[1,13],false,"mDiffFit",9],[8,238.45,291.75,70,[78],[13,5],false,"mDiffFit",5],[3,307.3,361.15000000000003,71,[78],[13,7],false,"mDiffFit",9],[11,297.40000000000003,344.80909090909097,72,[78],[12,13],false,"mDiffFit",1],[15,269.27272727272725,318.3181818181818,73,[78],[13],false,"mDiffFit",0],[10,180.02272727272728,228.4318181818182,74,[78],[2,15],false,"mDiffFit",4],[8,291.75,344.2,75,[78],[3,15],false,"mDiffFit",2],[11,344.80909090909097,393.0363636363637,76,[78],[15,8],false,"mDiffFit",2],[9,186.74999999999997,239.09999999999997,77,[78],[11,15],false,"mDiffFit",9],[2,307.45,360.7,78,[78],[14,15],false,"mDiffFit",6],[9,399.2,424.0,79,[79],[59,58,16,53,17,52,51,50,57,56,18,55,19,54,60,69,20,21,22,23,24,25,62,26,61,27,64,28,63,66,29,65,68,67,70,71,34,35,32,33,30,31,77,76,75,38,74,39,73,36,72,37,43,44,45,46,40,41,42,47,48,49],false,"mConcatFit",8],[9,424.0,450.7,80,[80,81,82,83,84,85,86,87,88,89,90,91,92,93,94,95],[78],false,"mBgModel",5],[11,450.7,500.1545454545454,81,[96],[0,79],false,"mBackground",8],[11,500.1545454545454,549.9727272727273,82,[96],[1,79],false,"mBackground",10],[8,450.7,503.75,83,[96],[2,79],false,"mBackground",6],[8,503.75,557.4,84,[96],[79,3],false,"mBackground",2],[10,450.7,499.1545454545454,85,[96],[79,4],false,"mBackground",7],[7,450.7,503.15,86,[96],[79,5],false,"mBackground",9],[6,450.7,505.2,87,[96],[6,79],false,"mBackground",2],[6,505.2,558.95,88,[96],[79,7],false,"mBackground",7],[10,499.1545454545454,547.8818181818182,89,[96],[79,8],false,"mBackground",0],[8,557.4,611.6999999999999,90,[96],[79,9],false,"mBackground",5],[3,450.7,504.4,91,[96],[10,79],false,"mBackground",3],[9,450.7,504.15,92,[96],[11,79],false,"mBackground",6],[6,558.95,612.6500000000001,93,[96],[12,79],false,"mBackground",6],[1,450.7,504.15,94,[96],[13,79],false,"mBackground",6],[10,547.8818181818182,596.6545454545454,95,[96],[79,14],false,"mBackground",7],[14,450.7,499.7,96,[96],[79,15],false,"mBackground",3],[7,612.6500000000001,650.8000000000001,97,[97],[94,95,80,81,82,88,87,89,84,91,83,90,93,86,85,92],false,"mImgTbl",1],[14,650.8000000000001,694.4363636363637,98,[98],[96],false,"mAdd",9],[5,694.4363636363637,728.9863636363636,99,[99],[97],false,"mShrink",1],[3,728.9863636363636,733.1363636363636,100,[],[98],false,"mJPEG",0]],"dimensions":["Resources Index","Start Time","Finish Time","id","sucs","pres","highlight","Name","Color"]}},"iteratorTimes":0}