{"finishtime":747.6772727272726,"code":200,"data":{"resources":{"data":[["0","null"],["1","null"],["2","null"],["3","null"],["4","null"],["5","null"],["6","null"],["7","null"],["8","null"],["9","null"],["10","null"],["11","null"],["12","null"],["13","null"],["14","null"],["15","null"]],"dimensions":["Name","Type"]},"tasks":{"data":[[13,0.0,62.95454545454545,1,[16,17,18,19,20,45,62,80],[],false,"mProjectPP",5],[5,0.0,65.55,2,[16,20,21,22,23,24,25,26,27,28,38,39,55,68,81],[],false,"mProjectPP",9],[12,0.0,61.0,3,[29,30,35,46,73,82],[],false,"mProjectPP",6],[13,62.95454545454545,123.4090909090909,4,[21,29,31,32,33,34,47,56,74,83],[],false,"mProjectPP",1],[0,0.0,65.8,5,[35,36,37,40,49,65,84],[],false,"mProjectPP",5],[11,0.0,61.68181818181818,6,[38,57,69,85],[],false,"mProjectPP",3],[12,61.0,121.22727272727272,7,[22,30,39,40,41,42,43,44,86],[],false,"mProjectPP",9],[4,0.0,68.25,8,[23,31,45,46,47,48,50,58,70,87],[],false,"mProjectPP",0],[2,0.0,68.15,9,[24,41,49,50,51,52,53,63,75,88],[],false,"mProjectPP",7],[10,0.0,62.27272727272727,10,[17,25,42,54,89],[],false,"mProjectPP",3],[2,68.15,135.9,11,[43,52,55,56,57,58,59,60,61,90],[],false,"mProjectPP",0],[6,0.0,69.05,12,[18,48,53,62,63,64,76,91],[],false,"mProjectPP",2],[14,0.0,61.90909090909091,13,[26,32,36,44,65,66,67,71,92],[],false,"mProjectPP",1],[11,61.68181818181818,122.4090909090909,14,[19,27,33,37,60,68,69,70,71,72,93],[],false,"mProjectPP",0],[13,123.4090909090909,183.27272727272728,15,[61,64,77,94],[],false,"mProjectPP",1],[8,0.0,67.9,16,[28,34,67,73,74,75,76,77,95],[],false,"mProjectPP",9],[13,183.27272727272728,231.3181818181818,17,[78],[1,0],false,"mDiffFit",2],[11,122.4090909090909,170.5909090909091,18,[78],[0,9],false,"mDiffFit",4],[10,69.05,117.14090909090909,19,[78],[0,11],false,"mDiffFit",5],[5,122.4090909090909,175.60909090909092,20,[78],[13,0],false,"mDiffFit",4],[2,135.9,188.15,21,[78],[1,0],false,"mDiffFit",2],[1,123.4090909090909,176.60909090909092,22,[78],[1,3],false,"mDiffFit",2],[3,121.22727272727272,174.12727272727273,23,[78],[1,6],false,"mDiffFit",6],[2,188.15,241.85000000000002,24,[78],[1,7],false,"mDiffFit",6],[14,68.15,116.37727272727273,25,[78],[1,8],false,"mDiffFit",9],[1,176.60909090909092,229.50909090909093,26,[78],[1,9],false,"mDiffFit",5],[15,65.55,114.05,27,[78],[12,1],false,"mDiffFit",2],[2,241.85000000000002,295.20000000000005,28,[78],[13,1],false,"mDiffFit",10],[13,231.3181818181818,279.3636363636364,29,[78],[1,15],false,"mDiffFit",9],[0,123.4090909090909,177.10909090909092,30,[78],[2,3],false,"mDiffFit",3],[1,229.50909090909093,284.0590909090909,31,[78],[2,6],false,"mDiffFit",5],[8,123.4090909090909,176.1590909090909,32,[78],[3,7],false,"mDiffFit",0],[14,123.4090909090909,171.0909090909091,33,[78],[12,3],false,"mDiffFit",4],[14,171.0909090909091,219.3181818181818,34,[78],[13,3],false,"mDiffFit",6],[5,175.60909090909092,228.25909090909093,35,[78],[15,3],false,"mDiffFit",5],[4,68.25,120.9,36,[78],[2,4],false,"mDiffFit",8],[0,177.10909090909092,230.45909090909092,37,[78],[12,4],false,"mDiffFit",4],[0,230.45909090909092,283.15909090909093,38,[78],[13,4],false,"mDiffFit",9],[13,279.3636363636364,326.6818181818182,39,[78],[1,5],false,"mDiffFit",9],[2,295.20000000000005,348.1,40,[78],[1,6],false,"mDiffFit",6],[15,121.22727272727272,169.0,41,[78],[6,4],false,"mDiffFit",6],[12,121.22727272727272,170.1818181818182,42,[78],[6,8],false,"mDiffFit",1],[3,174.12727272727273,226.42727272727274,43,[78],[6,9],false,"mDiffFit",10],[4,135.9,187.9,44,[78],[10,6],false,"mDiffFit",3],[9,121.22727272727272,173.92727272727274,45,[78],[12,6],false,"mDiffFit",4],[15,169.0,217.0,46,[78],[0,7],false,"mDiffFit",4],[13,326.6818181818182,374.95454545454544,47,[78],[2,7],false,"mDiffFit",2],[6,123.4090909090909,176.35909090909092,48,[78],[3,7],false,"mDiffFit",6],[3,226.42727272727274,278.8272727272727,49,[78],[11,7],false,"mDiffFit",4],[2,348.1,401.55,50,[78],[4,8],false,"mDiffFit",7],[15,217.0,265.4090909090909,51,[78],[8,7],false,"mDiffFit",0],[13,374.95454545454544,422.9090909090909,52,[78],[8],false,"mDiffFit",2],[14,219.3181818181818,267.77272727272725,53,[78],[10,8],false,"mDiffFit",2],[8,176.1590909090909,228.9090909090909,54,[78],[11,8],false,"mDiffFit",6],[13,422.9090909090909,470.9090909090909,55,[78],[9],false,"mDiffFit",4],[12,170.1818181818182,217.77272727272728,56,[78],[1,10],false,"mDiffFit",4],[5,228.25909090909093,280.65909090909093,57,[78],[10,3],false,"mDiffFit",9],[9,173.92727272727274,226.47727272727275,58,[78],[10,5],false,"mDiffFit",6],[11,170.5909090909091,218.72727272727272,59,[78],[10,7],false,"mDiffFit",0],[9,226.47727272727275,280.07727272727277,60,[78],[10],false,"mDiffFit",0],[9,280.07727272727277,332.52727272727276,61,[78],[13,10],false,"mDiffFit",5],[11,218.72727272727272,267.09090909090907,62,[78],[10,14],false,"mDiffFit",10],[15,265.4090909090909,312.95454545454544,63,[78],[0,11],false,"mDiffFit",10],[6,176.35909090909092,228.10909090909092,64,[78],[11,8],false,"mDiffFit",8],[4,187.9,241.10000000000002,65,[78],[11,14],false,"mDiffFit",4],[15,312.95454545454544,361.09090909090907,66,[78],[12,4],false,"mDiffFit",5],[10,117.14090909090909,165.86818181818182,67,[78],[12],false,"mDiffFit",1],[5,280.65909090909093,333.50909090909096,68,[78],[12,15],false,"mDiffFit",6],[1,284.0590909090909,337.1090909090909,69,[78],[1,13],false,"mDiffFit",9],[4,241.10000000000002,294.40000000000003,70,[78],[13,5],false,"mDiffFit",1],[15,361.09090909090907,410.0454545454545,71,[78],[13,7],false,"mDiffFit",0],[12,217.77272727272728,265.1818181818182,72,[78],[12,13],false,"mDiffFit",5],[12,265.1818181818182,314.22727272727275,73,[78],[13],false,"mDiffFit",0],[3,278.8272727272727,332.0772727272727,74,[78],[2,15],false,"mDiffFit",2],[1,337.1090909090909,389.5590909090909,75,[78],[3,15],false,"mDiffFit",8],[1,389.5590909090909,442.6090909090909,76,[78],[15,8],false,"mDiffFit",4],[9,332.52727272727276,384.8772727272728,77,[78],[11,15],false,"mDiffFit",6],[6,228.10909090909092,281.3590909090909,78,[78],[14,15],false,"mDiffFit",5],[2,470.9090909090909,495.7090909090909,79,[79],[59,58,16,53,17,52,51,50,57,56,18,55,19,54,60,69,20,21,22,23,24,25,62,26,61,27,64,28,63,66,29,65,68,67,70,71,34,35,32,33,30,31,77,76,75,38,74,39,73,36,72,37,43,44,45,46,40,41,42,47,48,49],false,"mConcatFit",7],[6,495.7090909090909,522.4090909090909,80,[80,81,82,83,84,85,86,87,88,89,90,91,92,93,94,95],[78],false,"mBgModel",6],[12,522.4090909090909,571.8636363636364,81,[96],[0,79],false,"mBackground",5],[5,522.4090909090909,577.2090909090908,82,[96],[1,79],false,"mBackground",6],[4,522.4090909090909,575.4590909090908,83,[96],[2,79],false,"mBackground",2],[14,522.4090909090909,571.1818181818181,84,[96],[79,3],false,"mBackground",5],[7,522.4090909090909,575.7090909090908,85,[96],[79,4],false,"mBackground",4],[14,571.1818181818181,618.8636363636363,86,[96],[79,5],false,"mBackground",9],[12,571.8636363636364,621.4090909090909,87,[96],[6,79],false,"mBackground",0],[1,522.4090909090909,576.1590909090909,88,[96],[79,7],false,"mBackground",3],[8,522.4090909090909,576.0090909090909,89,[96],[79,8],false,"mBackground",4],[9,522.4090909090909,576.7090909090908,90,[96],[79,9],false,"mBackground",4],[1,576.1590909090909,629.8590909090909,91,[96],[10,79],false,"mBackground",10],[5,577.2090909090908,630.6590909090909,92,[96],[11,79],false,"mBackground",7],[2,522.4090909090909,576.1090909090909,93,[96],[12,79],false,"mBackground",10],[13,522.4090909090909,571.0,94,[96],[13,79],false,"mBackground",5],[7,575.7090909090908,629.3590909090908,95,[96],[79,14],false,"mBackground",3],[11,522.4090909090909,571.4090909090909,96,[96],[79,15],false,"mBackground",2],[12,630.6590909090909,665.340909090909,97,[97],[94,95,80,81,82,88,87,89,84,91,83,90,93,86,85,92],false,"mImgTbl",10],[10,665.340909090909,708.9772727272726,98,[98],[96],false,"mAdd",0],[1,708.9772727272726,743.5272727272726,99,[99],[97],false,"mShrink",4],[0,743.5272727272726,747.6772727272726,100,[],[98],false,"mJPEG",4]],