{"code":200,"data":{"resources":{"data":[["0","null"],["1","null"],["2","null"],["3","null"],["4","null"]],"dimensions":["Name","Type"]},"tasks":{"data":[[3,0.0,13.39,1,[5,6,8,16],[],false,"mProjectPP",6],[0,0.0,13.83,2,[5,6,7,9,11,12,17],[],false,"mProjectPP",6],[4,0.0,13.36,3,[8,9,10,18],[],false,"mProjectPP",1],[1,0.0,13.6,4,[7,11,13,19],[],false,"mProjectPP",10],[2,0.0,13.78,5,[12,13,20],[],false,"mProjectPP",4],[2,13.83,24.42,6,[14],[1,0],false,"mDiffFit",5],[4,13.83,24.42,7,[14],[1,0],false,"mDiffFit",0],[0,13.83,24.71,8,[14],[1,3],false,"mDiffFit",3],[1,13.6,24.41,9,[14],[2,0],false,"mDiffFit",9],[4,24.42,34.910000000000004,10,[14],[2,1],false,"mDiffFit",8],[3,13.39,23.9,11,[14],[2],false,"mDiffFit",4],[2,24.42,34.93,12,[14],[1,3],false,"mDiffFit",7],[3,23.9,34.519999999999996,13,[14],[1,4],false,"mDiffFit",5],[1,24.41,34.78,14,[14],[4,3],false,"mDiffFit",5],[4,34.93,35.65,15,[15],[12,13,10,11,6,5,9,8,7],false,"mConcatFit",6],[3,35.65,37.07,16,[16,17,18,19,20],[14],false,"mBgModel",10],[0,37.07,47.46,17,[21],[0,15],false,"mBackground",3],[1,37.07,47.71,18,[21],[1,15],false,"mBackground",9],[2,37.07,47.9,19,[21],[2,15],false,"mBackground",6],[3,37.07,48.0,20,[21],[3,15],false,"mBackground",7],[4,37.07,47.83,21,[21],[4,15],false,"mBackground",10],[2,48.0,49.39,22,[22],[20,16,17,18,19],false,"mImgTbl",6],[2,49.39,52.42,23,[23],[21],false,"mAdd",8],[0,52.42,56.28,24,[24],[22],false,"mShrink",9],[2,56.28,56.730000000000004,25,[],[23],false,"mJPEG",5]],"dimensions":["Resources Index","Start Time","Finish Time","id","sucs","pres","highlight","Name","Color"]}}}